date,temperature,wind_speed,rainfall,pressure
2018-01-01,25.1,5.7,,1010.3
2018-01-02,24.0,7.8,,1010.0
2018-01-03,24.8,6.9,,1011.3
2018-01-04,25.2,6.1,,1012.5
2018-01-05,25.2,7.9,,1011.3
2018-01-06,24.6,8.4,,1011.2
2018-01-07,23.3,8.6,,1012.5
2018-01-08,23.7,5.9,,1012.6
2018-01-09,25.4,7.4,,1013.6
2018-01-10,27.2,7.2,,1013.9
2018-01-11,27.9,7.3,,1013.4
2018-01-12,28.3,7.9,,1012.4
2018-01-13,28.2,8.8,,1012.0
2018-01-14,28.3,5.1,,1012.4
2018-01-15,29.0,7.9,,1012.3
2018-01-16,29.5,8.4,,1010.9
2018-01-17,28.7,8.5,,1011.3
2018-01-18,28.8,9.1,,1012.1
2018-01-19,27.3,8.7,,
2018-01-20,27.0,,,
2018-01-21,27.3,8.7,,1010.7
2018-01-22,26.0,7.2,,1009.6
2018-01-23,24.3,10.0,,1010.9
2018-01-24,23.9,9.6,,1011.6
2018-01-25,25.2,8.0,,1010.7
2018-01-26,25.8,7.5,,1010.5
2018-01-27,25.2,6.9,,1010.7
2018-01-28,25.1,7.2,,1011.7
2018-01-29,26.7,6.3,,1012.5
2018-01-30,28.0,8.5,,1013.0
2018-01-31,28.3,7.9,,
2018-02-01,27.4,6.1,,1013.2
2018-02-02,27.4,8.4,,1011.8
2018-02-03,27.5,8.8,,1011.5
2018-02-04,27.8,4.9,,1011.3
2018-02-05,27.1,7.8,,1012.8
2018-02-06,27.6,8.0,,1013.3
2018-02-07,26.3,9.7,,1012.2
2018-02-08,25.7,7.6,,1012.3
2018-02-09,26.3,8.7,,1012.2
2018-02-10,25.3,10.2,,1012.8
2018-02-11,24.7,8.7,,1013.2
2018-02-12,24.0,9.4,,1015.5
2018-02-13,25.3,10.9,,1016.6
2018-02-14,29.0,11.1,,1015.4
2018-02-15,29.7,12.6,,1016.0
2018-02-16,29.7,8.7,,1015.4
2018-02-17,28.9,9.6,,1012.3
2018-02-18,28.4,8.6,,1010.3
2018-02-19,28.2,7.8,,1010.3
2018-02-20,27.7,9.0,,1010.7
2018-02-21,28.8,10.1,,1009.4
2018-02-22,28.6,9.2,,1008.7
2018-02-23,28.7,8.3,,1009.3
2018-02-24,30.2,5.9,,1011.0
2018-02-25,30.7,8.1,,1011.6
2018-02-26,30.6,9.1,,1010.9
2018-02-27,30.9,8.4,,1009.8
2018-02-28,30.6,5.9,,1009.7
2018-03-01,29.3,7.3,,1009.4
2018-03-02,29.5,8.1,,1009.0
2018-03-03,29.3,6.5,,1008.6
2018-03-04,28.4,11.4,,1008.9
2018-03-05,28.9,9.6,,1010.0
2018-03-06,30.5,9.6,,1009.7
2018-03-07,28.2,10.3,,1009.4
2018-03-08,27.9,8.8,,1010.3
2018-03-09,28.9,10.0,,1010.5
2018-03-10,28.9,10.6,,1010.1
2018-03-11,31.7,9.7,,1010.2
2018-03-12,31.3,11.0,,1010.4
2018-03-13,31.4,10.7,,1010.3
2018-03-14,31.4,12.0,,1009.9
2018-03-15,28.2,7.6,,1010.1
2018-03-16,29.2,9.2,0.0,1009.3
2018-03-17,29.3,9.9,,1009.3
2018-03-18,29.0,10.8,,1009.6
2018-03-19,28.7,9.9,,
2018-03-20,28.2,9.6,,1011.3
2018-03-21,27.8,12.8,,1011.0
2018-03-22,27.3,11.4,,1010.6
2018-03-23,27.4,11.0,,1010.2
2018-03-24,29.0,9.4,,1010.6
2018-03-25,33.0,8.1,,1010.7
2018-03-26,32.7,8.9,,1010.4
2018-03-27,29.1,12.1,,1010.4
2018-03-28,28.4,10.2,,1010.2
2018-03-29,28.1,10.4,,1009.9
2018-03-30,28.3,10.2,,1009.2
2018-03-31,28.4,10.0,,1009.0
2018-04-01,28.7,8.3,,1008.3
2018-04-02,29.0,8.3,,1008.8
2018-04-03,29.1,9.1,,
2018-04-04,29.7,8.8,,1007.0
2018-04-05,29.6,9.5,,1006.1
2018-04-06,29.4,10.5,,1007.5
2018-04-07,29.8,7.9,,1008.6
2018-04-08,29.6,8.4,,1009.0
2018-04-09,30.1,10.2,,1009.4
2018-04-10,29.6,11.0,,1008.2
2018-04-11,29.4,10.2,,
2018-04-12,29.1,10.4,,1008.2
2018-04-13,29.4,10.1,,1008.2
2018-04-14,29.6,8.3,,1008.0
2018-04-15,29.8,8.8,,1008.4
2018-04-16,30.3,10.7,,
2018-04-17,32.0,10.5,,1009.6
2018-04-18,31.8,10.4,,1009.9
2018-04-19,31.6,9.0,,1007.4
2018-04-20,30.5,11.0,,1008.5
2018-04-21,30.6,10.3,,1008.4
2018-04-22,31.5,10.3,,1008.3
2018-04-23,30.3,10.3,,1008.7
2018-04-24,31.0,10.4,,1008.6
2018-04-25,30.2,11.2,,1008.2
2018-04-26,29.4,9.1,,1007.8
2018-04-27,29.5,11.2,,1008.4
2018-04-28,29.7,10.3,,1008.8
2018-04-29,29.8,11.4,,1008.8
2018-04-30,29.7,10.9,,1007.6
2018-05-01,29.8,12.2,,1008.2
2018-05-02,29.8,10.1,,1008.3
2018-05-03,30.1,10.4,,
2018-05-04,30.4,9.7,,
2018-05-05,30.7,11.8,,1008.5
2018-05-06,30.6,9.6,,
2018-05-07,30.9,9.5,,1009.1
2018-05-08,30.6,11.2,,
2018-05-09,31.1,11.2,,1007.5
2018-05-10,30.7,11.9,,1008.6
2018-05-11,31.3,11.6,,1008.4
2018-05-12,31.0,12.3,,1008.6
2018-05-13,30.9,9.7,,1007.7
2018-05-14,30.8,,,
2018-05-15,30.9,10.9,,1007.5
2018-05-16,30.9,9.8,,
2018-05-17,31.6,13.1,,1005.6
2018-05-18,31.3,12.4,,1006.7
2018-05-19,31.2,12.2,,1005.9
2018-05-20,31.2,10.5,,1006.3
2018-05-21,31.2,11.5,,1006.5
2018-05-22,30.9,11.1,,1006.8
2018-05-23,30.9,9.8,,
2018-05-24,31.3,11.8,,1006.0
2018-05-25,31.3,12.6,,1006.0
2018-05-26,31.7,12.6,,1004.3
2018-05-27,31.7,12.5,,1004.1
2018-05-28,31.4,13.0,,
2018-05-29,31.3,16.9,,1003.7
2018-05-30,31.4,15.1,,1003.8
2018-05-31,31.7,13.8,,1004.3
2018-06-01,31.9,12.9,,1005.4
2018-06-02,30.4,11.3,,1006.1
2018-06-03,30.9,11.5,25.9,1005.5
2018-06-04,29.7,11.6,0.0,1004.1
2018-06-05,30.6,10.6,51.1,1004.4
2018-06-06,31.6,12.3,0.0,1006.3
2018-06-07,28.1,8.3,19.1,1004.6
2018-06-08,30.6,12.4,40.9,1001.7
2018-06-09,27.6,12.3,37.1,
2018-06-10,30.9,20.8,,1001.3
2018-06-11,31.2,20.8,0.5,1002.9
2018-06-12,31.0,18.1,0.8,1003.3
2018-06-13,31.2,17.7,0.0,1003.8
2018-06-14,30.7,14.0,0.3,1005.1
2018-06-15,30.1,13.9,7.1,1005.4
2018-06-16,27.7,10.6,8.9,1006.7
2018-06-17,26.9,12.3,58.9,1005.9
2018-06-18,27.7,11.8,52.1,1004.3
2018-06-19,29.6,10.5,2.0,1003.8
2018-06-20,30.7,10.7,0.5,1003.6
2018-06-21,30.7,13.5,0.3,1004.0
2018-06-22,30.6,15.2,1.0,1003.8
2018-06-23,25.8,11.6,16.0,
2018-06-24,26.4,13.5,32.0,1003.6
2018-06-25,27.9,16.6,230.9,1002.3
2018-06-26,29.4,19.4,53.1,1001.5
2018-06-27,29.7,18.0,2.0,1001.0
2018-06-28,27.0,9.7,2.0,1001.3
2018-06-29,27.6,9.2,29.0,1002.0
2018-06-30,28.2,12.9,20.1,1004.2
2018-07-01,28.9,14.5,2.0,1005.0
2018-07-02,27.3,15.3,0.5,1004.4
2018-07-03,26.6,9.2,131.1,1004.6
2018-07-04,28.0,16.8,118.1,1004.5
2018-07-05,29.1,16.4,42.9,1004.8
2018-07-06,29.2,15.5,17.0,1004.8
2018-07-07,27.6,15.1,6.1,
2018-07-08,25.5,11.6,131.1,1003.1
2018-07-09,25.6,9.6,121.9,1002.7
2018-07-10,26.9,15.0,183.9,1002.7
2018-07-11,28.8,16.5,114.0,1002.8
2018-07-12,28.9,17.9,5.1,1002.1
2018-07-13,28.2,17.1,3.0,1001.4
2018-07-14,28.1,19.2,16.0,
2018-07-15,27.3,19.8,38.1,
2018-07-16,27.7,22.8,95.0,
2018-07-17,27.8,19.8,38.1,1001.4
2018-07-18,28.4,18.5,9.9,1002.9
2018-07-19,28.4,17.8,2.0,1003.4
2018-07-20,27.7,16.4,5.1,1003.1
2018-07-21,27.9,17.8,18.0,1004.0
2018-07-22,28.0,20.4,0.0,1004.2
2018-07-23,28.0,16.0,0.0,1003.5
2018-07-24,28.1,16.8,4.1,1005.0
2018-07-25,28.5,16.8,1.0,1005.8
2018-07-26,28.1,18.8,1.0,1006.3
2018-07-27,27.8,19.7,1.0,1005.3
2018-07-28,28.5,17.4,1.0,1005.5
2018-07-29,28.5,17.3,0.0,1005.6
2018-07-30,28.7,17.2,,1005.2
2018-07-31,28.6,18.1,0.0,1005.4
2018-08-01,28.4,19.5,,1005.9
2018-08-02,28.4,17.1,2.0,1007.4
2018-08-03,28.2,17.9,3.0,1008.4
2018-08-04,27.9,18.1,8.9,1007.7
2018-08-05,28.5,18.4,7.9,1007.8
2018-08-06,27.9,19.0,4.1,1006.3
2018-08-07,28.3,17.3,2.0,1004.3
2018-08-08,28.4,18.2,0.8,1003.3
2018-08-09,27.7,18.4,2.0,1006.3
2018-08-10,28.1,16.5,4.1,1008.3
2018-08-11,27.8,18.5,15.0,1006.9
2018-08-12,27.2,19.0,14.0,1003.9
2018-08-13,27.5,19.1,10.9,1002.6
2018-08-14,28.2,17.4,6.1,1003.7
2018-08-15,27.6,16.8,0.5,1003.7
2018-08-16,27.3,16.1,7.1,1003.1
2018-08-17,27.4,18.4,10.9,1002.3
2018-08-18,27.3,17.2,4.1,1003.7
2018-08-19,27.6,16.9,7.9,1004.8
2018-08-20,27.2,16.6,16.0,1005.1
2018-08-21,26.7,16.4,5.1,1005.0
2018-08-22,26.9,14.8,24.9,1006.1
2018-08-23,27.4,15.3,23.1,1007.5
2018-08-24,27.5,13.5,8.9,1007.4
2018-08-25,27.5,16.8,5.1,1006.6
2018-08-26,27.0,14.4,11.9,1004.8
2018-08-27,27.2,12.7,8.9,1005.0
2018-08-28,27.2,10.4,13.0,1005.3
2018-08-29,28.1,13.3,0.3,1007.0
2018-08-30,28.1,14.5,0.0,1007.2
2018-08-31,28.1,16.0,7.1,1007.8
2018-09-01,28.1,16.4,2.0,1008.3
2018-09-02,27.6,17.9,16.0,1008.3
2018-09-03,27.9,16.7,3.0,1008.5
2018-09-04,28.3,16.5,5.1,1009.4
2018-09-05,28.2,16.2,0.0,1009.1
2018-09-06,28.2,15.5,0.8,1008.1
2018-09-07,27.9,14.3,0.0,1007.8
2018-09-08,28.2,13.5,1.0,1008.0
2018-09-09,27.7,11.0,0.5,1009.0
2018-09-10,28.1,10.2,7.9,1011.6
2018-09-11,28.1,9.9,0.0,1012.3
2018-09-12,28.1,12.0,2.0,1010.6
2018-09-13,27.6,11.5,0.0,1009.3
2018-09-14,27.4,8.5,8.9,1009.7
2018-09-15,28.3,10.2,0.5,1010.3
2018-09-16,28.4,7.8,1.0,1009.1
2018-09-17,27.8,9.3,0.0,1008.4
2018-09-18,28.8,9.4,,1008.7
2018-09-19,27.6,8.6,8.9,1008.9
2018-09-20,28.2,8.2,0.0,1006.6
2018-09-21,29.0,10.9,2.0,1005.5
2018-09-22,28.6,13.8,0.3,1007.1
2018-09-23,28.7,11.3,0.0,1010.6
2018-09-24,28.7,10.1,0.0,1011.3
2018-09-25,28.9,9.7,,1010.7
2018-09-26,29.7,10.1,,1008.8
2018-09-27,29.6,10.5,,1008.4
2018-09-28,29.4,8.6,7.1,1008.9
2018-09-29,30.1,9.6,4.1,1009.6
2018-09-30,32.0,9.0,0.0,1008.8
2018-10-01,31.7,7.9,,1008.3
2018-10-02,30.8,9.6,,1009.1
2018-10-03,30.9,9.9,,1008.9
2018-10-04,30.6,9.9,,1009.0
2018-10-05,31.7,8.7,,1009.1
2018-10-06,31.6,9.8,,1009.2
2018-10-07,32.0,10.3,,1008.4
2018-10-08,31.1,10.0,,1008.4
2018-10-09,30.9,9.9,,1008.5
2018-10-10,30.3,9.6,,1008.4
2018-10-11,30.5,10.2,,1008.3
2018-10-12,31.1,9.4,,1008.7
2018-10-13,31.9,8.3,,1010.0
2018-10-14,31.9,8.6,,1011.0
2018-10-15,31.9,8.2,,1011.3
2018-10-16,31.2,9.3,,1011.3
2018-10-17,29.6,9.6,,1011.4
2018-10-18,28.3,11.0,,1011.2
2018-10-19,29.4,9.5,4.1,1011.1
2018-10-20,30.7,8.2,0.0,1012.0
2018-10-21,30.4,8.6,,1012.8
2018-10-22,31.0,8.7,50.0,1012.0
2018-10-23,31.2,7.5,0.0,1011.8
2018-10-24,31.3,9.4,,1011.0
2018-10-25,30.4,9.4,,1012.1
2018-10-26,31.5,9.7,,1013.3
2018-10-27,30.6,9.4,,1013.5
2018-10-28,30.9,10.4,,1012.4
2018-10-29,30.3,10.6,,1011.6
2018-10-30,29.8,10.9,,1010.9
2018-10-31,29.6,9.6,,1010.9
2018-11-01,30.3,8.6,,1010.6
2018-11-02,30.9,10.5,,1009.9
2018-11-03,31.1,9.7,,1010.2
2018-11-04,31.1,10.9,,1010.9
2018-11-05,30.3,10.2,,1011.4
2018-11-06,31.6,9.4,,1011.7
2018-11-07,30.4,10.1,,1012.0
2018-11-08,30.0,5.7,,1010.9
2018-11-09,30.4,8.8,,1010.2
2018-11-10,30.2,8.1,,1011.0
2018-11-11,29.7,5.8,,1011.9
2018-11-12,29.7,7.3,,1011.3
2018-11-13,28.5,7.1,,1010.0
2018-11-14,27.9,7.6,,1009.9
2018-11-15,29.2,7.8,,1011.3
2018-11-16,29.4,8.6,,1011.5
2018-11-17,29.8,7.6,,1010.5
2018-11-18,28.8,7.4,,1010.7
2018-11-19,28.9,7.8,,1012.2
2018-11-20,29.9,7.9,,1013.1
2018-11-21,30.5,7.5,,1012.7
2018-11-22,30.4,8.3,,1012.8
2018-11-23,29.7,10.3,,1014.4
2018-11-24,29.6,8.5,,1015.2
2018-11-25,29.2,6.7,,1014.1
2018-11-26,29.1,6.8,,1012.0
2018-11-27,29.1,7.3,,1012.3
2018-11-28,28.7,8.4,,1013.0
2018-11-29,28.5,9.8,,1014.5
2018-11-30,28.4,8.3,,1014.4
2018-12-01,28.2,7.4,,1012.1
2018-12-02,27.5,7.8,,1010.5
2018-12-03,27.8,6.8,,1011.0
2018-12-04,28.8,8.9,,1012.2
2018-12-05,28.6,7.1,,1011.3
2018-12-06,28.6,8.0,,1010.9
2018-12-07,28.1,6.1,,1010.8
2018-12-08,27.8,6.8,,1011.8
2018-12-09,26.2,9.0,,1011.6
2018-12-10,25.8,7.7,,1012.0
2018-12-11,26.2,7.5,,1012.6
2018-12-12,26.3,9.6,,1013.3
2018-12-13,26.3,8.8,,1014.4
2018-12-14,27.4,14.4,,1014.0
2018-12-15,27.7,15.7,,1013.9
2018-12-16,26.7,13.4,,1014.2
2018-12-17,25.2,10.3,,1013.8
2018-12-18,25.6,10.7,,1014.3
2018-12-19,24.8,10.2,,1014.6
2018-12-20,24.9,10.5,,1014.3
2018-12-21,25.9,7.8,,1013.3
2018-12-22,26.6,7.0,,1012.7
2018-12-23,27.3,6.4,,1012.9
2018-12-24,27.3,6.5,,1012.8
2018-12-25,26.6,7.4,,1012.9
2018-12-26,24.1,9.2,,1013.8
2018-12-27,24.4,8.9,,1013.8
2018-12-28,24.6,12.4,,1012.8
2018-12-29,25.1,10.7,,1014.3
2018-12-30,25.3,8.9,,1016.0
2018-12-31,25.3,8.7,,1017.1
2019-01-01,24.8,7.4,,1017.0
2019-01-02,25.5,6.1,,1016.7
2019-01-03,25.4,4.5,,1017.2
2019-01-04,26.3,6.5,,1016.0
2019-01-05,24.8,6.4,,1014.8
2019-01-06,24.7,6.8,,1013.9
2019-01-07,25.7,8.5,,1013.7
2019-01-08,25.2,8.2,,1013.9
2019-01-09,24.2,6.4,,1013.5
2019-01-10,25.5,7.0,,1012.5
2019-01-11,24.6,7.1,,1013.1
2019-01-12,24.0,7.4,,1013.5
2019-01-13,24.2,8.1,,1014.2
2019-01-14,26.2,8.4,,1013.3
2019-01-15,27.6,9.3,,1013.6
2019-01-16,26.9,7.8,,1013.8
2019-01-17,26.9,6.1,,1012.6
2019-01-18,27.1,6.7,,1012.6
2019-01-19,27.3,7.5,,1013.3
2019-01-20,27.2,8.2,,1014.0
2019-01-21,25.2,9.3,,1013.2
2019-01-22,25.1,8.1,,1013.7
2019-01-23,23.4,9.6,,1014.7
2019-01-24,23.1,11.7,,1015.1
2019-01-25,22.8,12.0,,1015.0
2019-01-26,23.6,12.4,,1015.0
2019-01-27,24.7,14.0,,1015.4
2019-01-28,24.8,13.7,,1016.5
2019-01-29,25.1,11.5,,1016.0
2019-01-30,25.7,8.0,,1015.1
2019-01-31,25.2,7.8,,1014.0
2019-02-01,25.3,9.1,,1013.9
2019-02-02,24.8,7.5,,1012.9
2019-02-03,26.6,7.8,,1013.6
2019-02-04,27.8,8.0,,1014.9
2019-02-05,26.8,9.3,,1015.2
2019-02-06,24.8,9.4,,1013.1
2019-02-07,23.2,11.4,,1014.7
2019-02-08,20.9,12.1,,1016.9
2019-02-09,22.2,11.6,,1015.5
2019-02-10,25.1,7.2,,1014.6
2019-02-11,26.9,6.7,,1014.1
2019-02-12,29.4,6.6,,1014.4
2019-02-13,27.7,7.8,,1015.8
2019-02-14,26.8,9.2,,1013.7
2019-02-15,25.3,11.3,,1014.4
2019-02-16,25.0,9.4,,1014.8
2019-02-17,24.6,8.8,,1013.4
2019-02-18,25.6,7.8,,1011.2
2019-02-19,27.1,8.3,,1011.2
2019-02-20,25.9,7.5,,1012.9
2019-02-21,25.9,8.0,,1015.9
2019-02-22,27.5,10.1,,1014.4
2019-02-23,28.6,7.6,,1011.8
2019-02-24,28.2,10.1,,1010.6
2019-02-25,27.6,9.4,,1010.4
2019-02-26,26.6,10.2,,1010.4
2019-02-27,25.4,10.0,,1010.1
2019-02-28,26.1,11.7,,1011.0
2019-03-01,26.3,7.6,,1010.2
2019-03-02,26.5,9.6,,1009.9
2019-03-03,25.8,10.9,,1011.5
2019-03-04,25.9,9.2,,1010.6
2019-03-05,25.8,10.1,,1010.3
2019-03-06,24.9,11.3,,1011.7
2019-03-07,26.2,10.6,,1010.7
2019-03-08,27.1,9.8,,1011.9
2019-03-09,28.6,10.4,,1012.5
2019-03-10,28.0,10.2,,1012.2
2019-03-11,26.7,9.5,,1013.7
2019-03-12,26.1,11.7,,1013.9
2019-03-13,25.8,11.0,,1014.4
2019-03-14,26.8,10.2,,1014.4
2019-03-15,28.2,10.4,,1013.2
2019-03-16,27.3,7.7,,1011.9
2019-03-17,27.5,8.3,,1012.0
2019-03-18,29.2,9.2,,1011.4
2019-03-19,27.5,10.7,,1010.1
2019-03-20,26.8,8.7,,1010.2
2019-03-21,26.5,10.4,,1012.1
2019-03-22,27.3,9.0,,1012.5
2019-03-23,30.3,10.2,,1011.3
2019-03-24,31.6,9.4,,1009.5
2019-03-25,33.3,7.8,,1008.8
2019-03-26,31.8,9.3,,1010.2
2019-03-27,28.9,9.2,,1012.6
2019-03-28,28.7,9.9,,1011.5
2019-03-29,29.6,9.1,,1009.7
2019-03-30,28.6,11.1,,1009.6
2019-03-31,28.8,10.2,,1010.8
2019-04-01,27.9,9.6,,1011.0
2019-04-02,27.9,10.7,,1010.4
2019-04-03,29.2,11.4,,1009.3
2019-04-04,28.9,10.5,,1010.3
2019-04-05,29.5,10.4,,1011.9
2019-04-06,29.3,9.5,,1011.5
2019-04-07,29.2,9.1,,1009.8
2019-04-08,29.6,10.5,,1008.6
2019-04-09,29.3,9.5,,1009.7
2019-04-10,29.1,10.6,,1010.1
2019-04-11,29.3,11.5,,1009.5
2019-04-12,29.4,9.8,,1009.0
2019-04-13,31.2,8.8,,1008.5
2019-04-14,30.6,10.3,,1009.0
2019-04-15,30.2,10.1,,1008.8
2019-04-16,29.9,11.5,,1008.9
2019-04-17,29.3,13.7,,1011.0
2019-04-18,29.2,12.8,,1010.7
2019-04-19,30.6,10.9,,1008.3
2019-04-20,29.5,9.4,,1007.0
2019-04-21,29.1,10.8,,1007.4
2019-04-22,29.7,11.5,,1007.6
2019-04-23,30.0,10.7,,1008.5
2019-04-24,30.2,11.2,,1009.1
2019-04-25,30.9,10.1,,1008.8
2019-04-26,31.5,10.9,,1007.2
2019-04-27,32.1,8.8,,1006.0
2019-04-28,31.8,11.4,,1006.2
2019-04-29,30.3,13.7,,1007.1
2019-04-30,29.9,12.3,,1007.0
2019-05-01,29.5,11.8,,1006.3
2019-05-02,29.6,11.6,,1006.5
2019-05-03,29.3,12.3,,1008.1
2019-05-04,29.9,12.0,,1010.2
2019-05-05,29.9,11.7,,1011.8
2019-05-06,29.7,10.9,,1009.5
2019-05-07,29.8,11.1,,1009.3
2019-05-08,29.8,13.0,,1010.4
2019-05-09,29.9,12.1,,1009.6
2019-05-10,30.1,12.2,,1009.0
2019-05-11,29.7,12.9,,1009.8
2019-05-12,29.8,12.2,,1009.1
2019-05-13,29.8,11.4,,1008.4
2019-05-14,29.8,11.7,,1008.4
2019-05-15,30.0,10.9,,1009.2
2019-05-16,30.1,10.5,,1010.0
2019-05-17,30.4,10.1,,1010.0
2019-05-18,30.8,11.0,,1008.8
2019-05-19,31.3,12.1,,1008.4
2019-05-20,30.9,12.2,,1008.5
2019-05-21,30.6,11.6,,1008.1
2019-05-22,30.4,13.4,,1008.3
2019-05-23,30.5,11.8,,1007.6
2019-05-24,31.0,12.4,,1008.5
2019-05-25,30.8,10.4,,1007.7
2019-05-26,30.7,11.6,,1007.0
2019-05-27,30.9,12.6,,1006.7
2019-05-28,30.9,11.4,,1006.5
2019-05-29,30.9,11.9,,1005.6
2019-05-30,30.9,13.6,,1005.5
2019-05-31,30.9,12.6,,1005.3
2019-06-01,31.1,13.7,,1006.8
2019-06-02,31.3,12.2,,1006.5
2019-06-03,31.3,14.4,,1006.7
2019-06-04,30.9,13.2,,1006.4
2019-06-05,31.0,13.2,,1005.6
2019-06-06,31.2,14.4,,1006.0
2019-06-07,31.6,12.3,,1006.0
2019-06-08,32.0,12.4,,1005.3
2019-06-09,31.7,13.3,,1004.3
2019-06-10,30.1,12.9,3.0,1002.7
2019-06-11,30.7,8.8,39.9,1000.6
2019-06-12,28.4,18.7,0.0,1000.0
2019-06-13,29.4,19.4,15.0,1001.6
2019-06-14,28.7,16.1,17.0,1002.7
2019-06-15,29.7,15.5,45.0,1004.2
2019-06-16,30.2,18.3,13.0,1006.0
2019-06-17,30.4,19.0,6.1,1006.6
2019-06-18,28.7,16.3,7.1,1004.7
2019-06-19,29.3,11.9,19.1,1003.9
2019-06-20,30.4,11.9,0.5,1004.8
2019-06-21,30.7,11.7,0.0,1004.6
2019-06-22,30.7,12.0,,1003.7
2019-06-23,30.7,13.3,,1003.0
2019-06-24,29.3,10.0,,1004.1
2019-06-25,29.7,11.1,0.5,1005.0
2019-06-26,29.6,11.6,14.0,1004.7
2019-06-27,28.9,12.2,4.1,1003.5
2019-06-28,27.0,16.7,4.1,1003.2
2019-06-29,26.7,15.8,235.0,1003.4
2019-06-30,27.2,11.2,93.0,1003.6
2019-07-01,26.3,13.9,91.9,1002.5
2019-07-02,26.6,6.8,374.9,1003.6
2019-07-03,27.4,7.6,34.0,1003.8
2019-07-04,28.1,10.0,4.1,1003.2
2019-07-05,28.6,13.7,23.1,1001.8
2019-07-06,28.3,18.2,78.0,1000.8
2019-07-07,29.2,19.2,40.9,1001.7
2019-07-08,28.2,18.4,31.0,1003.1
2019-07-09,28.9,17.5,130.0,1002.3
2019-07-10,27.3,13.2,7.1,1002.6
2019-07-11,28.6,16.6,50.0,1004.9
2019-07-12,29.3,14.7,24.9,1006.2
2019-07-13,28.6,14.7,4.1,1007.2
2019-07-14,29.4,14.8,10.9,1006.8
2019-07-15,29.6,14.5,3.0,1005.6
2019-07-16,29.1,13.0,3.0,1006.3
2019-07-17,29.5,12.2,4.1,1006.1
2019-07-18,29.9,11.7,7.1,1004.2
2019-07-19,30.1,11.2,2.0,1002.5
2019-07-20,28.6,9.1,0.3,1001.8
2019-07-21,29.2,6.5,6.1,1000.3
2019-07-22,29.8,12.8,16.0,999.7
2019-07-23,28.7,12.0,0.0,1000.3
2019-07-24,27.4,14.6,84.1,1003.3
2019-07-25,27.9,14.2,38.1,1005.8
2019-07-26,28.1,17.7,43.9,1004.5
2019-07-27,27.8,20.5,218.9,1004.5
2019-07-28,29.0,17.8,27.9,1004.6
2019-07-29,28.1,18.1,0.5,1003.7
2019-07-30,27.0,16.6,39.1,1004.4
2019-07-31,28.1,18.7,65.0,1005.7
2019-08-01,28.4,19.2,13.0,1004.9
2019-08-02,26.7,20.6,42.9,1003.6
2019-08-03,26.4,17.9,134.1,1003.0
2019-08-04,27.3,20.7,0.0,1002.5
2019-08-05,28.3,17.5,62.0,1002.2
2019-08-06,28.1,19.3,8.9,1001.8
2019-08-07,28.1,19.1,7.9,1000.9
2019-08-08,28.3,18.7,1.0,1000.1
2019-08-09,28.1,19.5,4.1,1000.1
2019-08-10,28.6,21.8,3.0,1001.5
2019-08-11,28.4,19.4,5.1,1004.0
2019-08-12,28.4,16.7,6.1,1004.9
2019-08-13,28.3,14.0,1.0,1005.1
2019-08-14,28.2,12.8,3.0,1005.8
2019-08-15,28.3,16.1,7.9,1006.5
2019-08-16,28.4,17.8,6.1,1006.2
2019-08-17,28.5,16.7,5.1,1006.1
2019-08-18,28.6,12.9,4.1,1007.6
2019-08-19,28.6,12.4,2.0,1008.9
2019-08-20,29.1,12.0,1.0,1008.9
2019-08-21,28.8,14.8,6.1,1008.0
2019-08-22,28.9,14.3,1.0,1007.3
2019-08-23,28.9,12.9,2.0,1007.2
2019-08-24,28.6,13.8,1.0,1006.8
2019-08-25,27.8,10.1,10.9,1005.8
2019-08-26,28.4,11.6,7.1,1005.6
2019-08-27,28.6,12.5,0.0,1004.5
2019-08-28,28.5,12.2,6.1,1004.6
2019-08-29,28.7,11.7,3.0,1005.1
2019-08-30,28.3,12.7,3.0,1003.6
2019-08-31,27.9,15.4,13.0,1002.1
2019-09-01,27.2,12.2,16.0,1003.3
2019-09-02,27.8,11.5,17.0,1004.7
2019-09-03,26.4,14.5,131.1,1004.1
2019-09-04,25.9,15.1,118.1,1002.9
2019-09-05,27.0,14.5,242.1,1001.7
2019-09-06,27.3,15.5,45.0,1002.3
2019-09-07,26.8,15.8,23.1,1002.5
2019-09-08,26.9,13.6,119.1,1004.2
2019-09-09,27.1,16.1,25.9,1004.2
2019-09-10,27.7,14.2,54.1,1004.3
2019-09-11,27.2,11.7,7.1,1006.9
2019-09-12,27.4,14.2,5.1,1008.2
2019-09-13,27.2,12.9,40.9,1008.7
2019-09-14,28.6,16.6,23.1,1008.2
2019-09-15,26.4,11.0,31.0,1009.0
2019-09-16,28.3,12.4,8.9,1008.0
2019-09-17,27.4,11.9,5.1,1006.9
2019-09-18,27.3,12.2,7.9,1006.9
2019-09-19,27.6,8.0,69.1,1005.8
2019-09-20,27.1,12.1,3.0,1005.4
2019-09-21,27.9,16.5,55.1,1005.1
2019-09-22,28.7,13.4,0.8,1006.9
2019-09-23,29.1,9.6,0.0,1008.7
2019-09-24,28.9,9.4,0.5,1007.9
2019-09-25,27.7,8.6,30.0,1007.2
2019-09-26,27.8,10.2,1.0,1008.3
2019-09-27,27.6,14.7,29.0,1011.7
2019-09-28,28.0,12.2,1.0,1011.1
2019-09-29,28.4,13.0,0.3,1011.5
2019-09-30,28.3,12.1,4.1,1011.1
2019-10-01,28.9,11.0,0.8,1011.3
2019-10-02,28.8,9.4,0.0,1012.0
2019-10-03,29.0,8.2,,1011.1
2019-10-04,28.8,8.7,,1010.8
2019-10-05,28.6,9.6,,1009.7
2019-10-06,29.3,9.2,0.0,1009.9
2019-10-07,30.0,10.1,,1010.6
2019-10-08,29.5,9.5,,1009.9
2019-10-09,28.5,9.2,3.0,1009.5
2019-10-10,29.3,8.4,0.5,1009.4
2019-10-11,29.6,8.6,7.9,1009.5
2019-10-12,29.1,10.6,0.0,1009.8
2019-10-13,30.4,8.1,0.5,1010.7
2019-10-14,31.4,9.1,0.0,1010.8
2019-10-15,32.1,8.8,,1010.3
2019-10-16,31.5,10.7,,1010.3
2019-10-17,30.7,8.9,,1010.0
2019-10-18,28.5,7.2,,1010.1
2019-10-19,25.7,9.4,,1011.3
2019-10-20,25.6,11.1,,1011.4
2019-10-21,27.9,10.4,,1009.4
2019-10-22,27.7,8.6,9.9,1008.2
2019-10-23,26.8,6.6,7.1,1006.7
2019-10-24,27.4,8.2,2.0,1005.6
2019-10-25,28.2,14.1,2.0,1004.2
2019-10-26,27.3,11.6,0.3,1005.6
2019-10-27,28.9,9.8,1.0,1008.8
2019-10-28,29.3,7.8,0.0,1010.2
2019-10-29,29.8,8.7,,1010.7
2019-10-30,30.8,7.8,,1009.7
2019-10-31,30.6,10.9,,1008.7
2019-11-01,28.9,9.4,,1008.0
2019-11-02,28.7,10.8,,1010.9
2019-11-03,28.7,8.8,,1013.1
2019-11-04,28.9,9.0,,1013.7
2019-11-05,29.8,8.1,,1011.4
2019-11-06,28.7,9.1,,1009.1
2019-11-07,28.7,12.3,,1008.5
2019-11-08,27.2,12.3,33.0,1009.6
2019-11-09,27.7,9.4,30.0,1010.6
2019-11-10,28.6,9.2,0.0,1010.9
2019-11-11,29.2,8.9,,1010.3
2019-11-12,29.3,8.2,,1010.7
2019-11-13,29.8,9.1,,1012.0
2019-11-14,28.7,10.1,,1012.1
2019-11-15,29.1,8.2,,1011.7
2019-11-16,30.0,7.9,,1011.6
2019-11-17,30.7,9.3,,1012.3
2019-11-18,29.3,9.9,,1012.2
2019-11-19,29.1,8.8,,1011.5
2019-11-20,28.7,7.0,,1010.8
2019-11-21,29.5,8.4,,1011.5
2019-11-22,29.3,8.8,,1013.1
2019-11-23,29.2,8.8,,1012.9
2019-11-24,29.0,9.0,,1012.0
2019-11-25,28.6,6.3,,1011.3
2019-11-26,28.7,7.5,,1010.4
2019-11-27,28.8,9.4,,1010.8
2019-11-28,29.2,8.0,,1011.3
2019-11-29,29.5,7.2,,1011.6
2019-11-30,29.6,8.7,,1011.1
2019-12-01,29.4,7.7,,1011.5
2019-12-02,29.3,10.4,,1011.1
2019-12-03,29.4,10.5,,1011.6
2019-12-04,29.6,11.0,,1012.3
2019-12-05,29.2,9.1,1.0,1014.0
2019-12-06,29.2,9.7,0.0,1013.5
2019-12-07,28.3,9.3,0.0,1012.9
2019-12-08,28.1,7.3,,1013.0
2019-12-09,28.4,8.1,,1012.9
2019-12-10,28.6,8.2,,1011.7
2019-12-11,27.9,7.4,,1010.7
2019-12-12,27.0,6.6,,1010.6
2019-12-13,25.9,10.6,,1012.5
2019-12-14,25.6,10.6,,1014.4
2019-12-15,26.2,7.8,,1013.0
2019-12-16,26.4,7.1,,1012.6
2019-12-17,27.3,9.5,,1013.4
2019-12-18,27.8,9.9,,1014.2
2019-12-19,27.6,9.2,,1013.0
2019-12-20,27.5,7.0,,1011.9
2019-12-21,27.5,8.2,,1011.6
2019-12-22,28.7,8.9,,1011.2
2019-12-23,28.5,7.0,,1011.0
2019-12-24,28.2,6.4,,1012.1
2019-12-25,28.0,7.7,,1012.4
2019-12-26,26.5,8.4,0.0,1012.3
2019-12-27,26.3,7.7,,1011.2
2019-12-28,27.1,10.3,,1011.1
2019-12-29,26.7,8.9,,1011.6
2019-12-30,25.3,8.4,,1011.7
2019-12-31,23.5,8.3,,1013.0
2020-01-01,23.3,7.8,,1013.5
2020-01-02,23.9,7.7,,1015.6
2020-01-03,23.3,10.1,,1015.2
2020-01-04,22.6,9.3,,1013.7
2020-01-05,25.6,11.0,,1012.6
2020-01-06,27.1,10.9,,1013.4
2020-01-07,27.1,7.4,,1012.8
2020-01-08,26.0,7.7,,1012.8
2020-01-09,24.1,10.8,,1013.4
2020-01-10,26.3,9.2,,1012.7
2020-01-11,27.5,8.8,,1013.3
2020-01-12,27.3,8.2,,1013.2
2020-01-13,25.9,9.5,,1012.3
2020-01-14,24.6,10.7,,1012.2
2020-01-15,23.2,8.7,,1013.1
2020-01-16,20.9,10.5,,1014.4
2020-01-17,20.7,11.1,,1014.6
2020-01-18,23.9,8.8,,1013.0
2020-01-19,25.7,7.2,,1013.1
2020-01-20,26.6,6.9,,1013.0
2020-01-21,26.1,7.5,,1014.0
2020-01-22,27.3,6.3,,1014.8
2020-01-23,28.2,9.3,,1013.8
2020-01-24,28.5,8.9,,1013.3
2020-01-25,27.9,6.6,,1013.1
2020-01-26,27.2,7.1,,1011.8
2020-01-27,25.3,9.4,,1011.8
2020-01-28,24.8,10.5,,1012.7
2020-01-29,22.5,11.3,,1015.5
2020-01-30,23.1,8.8,,1014.7
2020-01-31,23.6,8.2,,1012.4
2020-02-01,24.8,6.4,,1012.0
2020-02-02,25.9,9.2,,1013.5
2020-02-03,24.7,7.3,,1014.3
2020-02-04,24.9,10.0,,1013.2
2020-02-05,25.2,7.7,,1012.9
2020-02-06,24.7,11.6,,1013.0
2020-02-07,23.4,9.0,,1014.4
2020-02-08,25.3,11.2,,1014.0
2020-02-09,27.0,13.1,,1013.8
2020-02-10,28.5,11.6,,1012.7
2020-02-11,28.9,8.7,,1013.1
2020-02-12,29.2,9.4,,1014.8
2020-02-13,29.4,9.1,,1014.7
2020-02-14,29.3,10.1,,1012.8
2020-02-15,27.8,9.5,,1012.3
2020-02-16,27.5,9.1,,1012.9
2020-02-17,29.8,6.7,,1013.1
2020-02-18,30.5,8.8,,1012.9
2020-02-19,29.2,8.4,,1011.9
2020-02-20,28.5,8.0,,1011.6
2020-02-21,27.7,9.6,,1013.8
2020-02-22,28.6,8.8,,1014.7
2020-02-23,28.7,7.9,,1013.3
2020-02-24,28.0,7.9,,1011.1
2020-02-25,29.8,9.1,,1010.5
2020-02-26,29.6,11.5,,1011.1
2020-02-27,29.5,9.6,,1011.3
2020-02-28,28.5,8.1,,1009.9
2020-02-29,27.7,8.7,,1009.7
2020-03-01,27.7,9.5,,1010.6
2020-03-02,26.6,8.1,,1011.5
2020-03-03,26.7,9.6,,1012.1
2020-03-04,25.9,11.4,,1012.0
2020-03-05,26.4,11.2,,1010.6
2020-03-06,26.7,12.0,,1010.6
2020-03-07,25.8,11.3,,1012.6
2020-03-08,25.7,10.4,,1012.5
2020-03-09,25.9,9.5,,1011.4
2020-03-10,26.5,9.0,,1011.1
2020-03-11,25.9,10.3,,1012.0
2020-03-12,25.2,9.8,,1013.7
2020-03-13,25.1,10.6,,1014.1
2020-03-14,25.8,11.0,,1011.9
2020-03-15,29.3,7.0,,1010.2
2020-03-16,30.5,7.2,,1010.9
2020-03-17,30.1,7.4,,1011.6
2020-03-18,29.7,7.6,,1012.0
2020-03-19,28.4,8.4,,1012.0
2020-03-20,27.2,9.7,,1012.0
2020-03-21,26.9,9.4,,1012.2
2020-03-22,28.3,10.1,,1011.6
2020-03-23,29.8,10.1,,1010.2
2020-03-24,30.1,6.3,,1008.3
2020-03-25,29.5,8.5,,1008.2
2020-03-26,29.6,8.1,,1009.3
2020-03-27,29.4,10.8,,1011.3
2020-03-28,30.1,8.7,,1010.9
2020-03-29,30.4,9.5,,1009.4
2020-03-30,29.3,8.8,,1009.8
2020-03-31,28.8,9.8,,1010.8
2020-04-01,29.2,7.8,,1010.3
2020-04-02,30.1,9.4,,1008.6
2020-04-03,30.1,11.2,,1009.1
2020-04-04,29.6,9.0,,1009.6
2020-04-05,29.3,7.6,,1010.5
2020-04-06,28.9,11.1,,1011.6
2020-04-07,28.3,8.1,,1010.5
2020-04-08,28.2,9.3,,1011.7
2020-04-09,28.7,8.5,,1010.9
2020-04-10,29.6,9.9,,1010.4
2020-04-11,30.6,9.8,,1011.0
2020-04-12,30.1,9.0,,1010.4
2020-04-13,30.0,9.3,,1009.2
2020-04-14,31.1,9.8,,1008.9
2020-04-15,30.7,7.9,,1009.9
2020-04-16,30.3,9.8,,1009.4
2020-04-17,30.2,7.7,,1008.8
2020-04-18,30.7,9.8,,1009.4
2020-04-19,31.6,10.0,,1008.9
2020-04-20,33.1,8.9,,1008.2
2020-04-21,30.6,7.5,,1009.1
2020-04-22,30.6,9.0,,1008.7
2020-04-23,30.6,8.6,,1008.7
2020-04-24,30.8,9.4,,1007.8
2020-04-25,30.4,9.6,,1008.8
2020-04-26,30.1,8.7,,1009.2
2020-04-27,30.2,12.2,,1010.5
2020-04-28,30.9,9.5,,1008.7
2020-04-29,31.1,10.4,,1008.4
2020-04-30,30.8,10.8,,1009.7
2020-05-01,30.7,11.8,,1009.7
2020-05-02,30.6,9.3,,1008.5
2020-05-03,30.8,10.3,,1008.1
2020-05-04,30.6,11.5,,1009.1
2020-05-05,30.9,11.5,,1008.3
2020-05-06,31.2,8.4,,1007.4
2020-05-07,30.6,8.9,,1008.0
2020-05-08,30.6,9.8,,1008.4
2020-05-09,30.7,9.9,,1008.3
2020-05-10,30.9,11.1,,1007.8
2020-05-11,31.2,8.7,,1008.4
2020-05-12,30.7,8.0,,1007.6
2020-05-13,30.8,10.5,,1007.1
2020-05-14,31.4,10.8,,1006.5
2020-05-15,31.7,12.6,,1006.4
2020-05-16,31.2,12.2,,1006.4
2020-05-17,31.2,11.0,,1005.8
2020-05-18,30.9,15.1,,1005.1
2020-05-19,30.6,12.2,,1004.8
2020-05-20,30.7,12.4,,1004.9
2020-05-21,30.8,11.5,,1006.2
2020-05-22,31.2,12.2,,1007.3
2020-05-23,31.1,10.1,,1006.8
2020-05-24,31.0,13.6,,1007.6
2020-05-25,31.0,11.6,,1008.0
2020-05-26,31.3,12.7,,1008.1
2020-05-27,31.2,14.3,,1007.6
2020-05-28,31.4,13.7,,1006.8
2020-05-29,31.7,13.8,,1006.8
2020-05-30,32.3,14.2,,1007.2
2020-05-31,32.4,12.5,,1007.3
2020-06-01,30.3,9.1,0.3,1007.9
2020-06-02,29.4,8.2,0.0,1004.9
2020-06-03,27.6,17.7,23.1,998.6
2020-06-04,26.0,9.9,24.9,1005.0
2020-06-05,29.0,12.1,53.1,1005.8
2020-06-06,28.9,15.1,65.0,1005.5
2020-06-07,29.2,12.8,0.0,1005.5
2020-06-08,28.4,12.3,,1006.1
2020-06-09,29.4,10.5,,1005.9
2020-06-10,30.1,12.2,,1005.1
2020-06-11,29.5,10.3,1.0,1002.8
2020-06-12,29.2,9.6,0.0,1000.8
2020-06-13,28.8,10.9,2.0,1000.6
2020-06-14,29.8,11.0,20.1,1002.0
2020-06-15,29.3,8.6,0.0,1001.7
2020-06-16,28.8,10.7,37.1,1001.0
2020-06-17,28.9,13.9,0.8,1001.2
2020-06-18,27.6,10.1,0.8,1003.1
2020-06-19,29.7,12.5,40.9,1004.9
2020-06-20,30.3,10.9,0.5,1005.7
2020-06-21,29.5,12.4,2.0,1004.6
2020-06-22,29.3,10.5,13.0,1003.1
2020-06-23,29.2,15.2,6.1,1003.8
2020-06-24,30.1,12.7,0.3,1004.7
2020-06-25,30.2,10.7,0.0,1003.8
2020-06-26,29.9,7.2,6.1,1003.6
2020-06-27,30.3,9.3,2.0,1003.9
2020-06-28,29.7,9.8,26.9,1004.1
2020-06-29,28.9,10.6,39.1,1003.1
2020-06-30,28.8,10.7,10.9,1001.8
2020-07-01,28.7,12.4,8.9,1003.0
2020-07-02,28.9,11.4,7.1,1002.7
2020-07-03,27.1,9.1,10.9,1002.0
2020-07-04,26.6,13.0,157.0,1000.3
2020-07-05,28.1,16.2,200.9,1000.1
2020-07-06,28.9,19.9,116.1,998.5
2020-07-07,28.5,12.9,30.0,999.9
2020-07-08,28.9,12.6,57.9,1003.1
2020-07-09,29.1,12.7,20.1,1003.5
2020-07-10,29.7,13.6,6.1,1003.8
2020-07-11,29.1,12.2,1.0,1003.9
2020-07-12,26.6,8.9,22.1,1004.6
2020-07-13,27.2,9.9,70.1,1003.5
2020-07-14,26.7,8.6,26.9,1003.3
2020-07-15,26.3,6.6,97.0,1001.9
2020-07-16,26.3,10.1,191.0,998.9
2020-07-17,26.7,11.0,154.9,998.5
2020-07-18,28.5,10.9,54.1,1002.2
2020-07-19,29.4,11.1,7.9,1005.1
2020-07-20,29.6,9.5,6.1,1003.6
2020-07-21,29.4,10.1,4.1,1004.1
2020-07-22,29.4,9.3,0.0,1005.6
2020-07-23,28.7,8.5,49.0,1004.8
2020-07-24,27.8,5.6,18.0,1005.6
2020-07-25,28.7,9.7,9.9,1005.8
2020-07-26,28.2,9.9,8.9,1006.7
2020-07-27,26.9,9.0,101.1,1007.6
2020-07-28,26.5,9.5,29.0,1006.4
2020-07-29,27.8,6.8,8.9,1004.0
2020-07-30,27.3,7.3,18.0,1003.8
2020-07-31,28.5,7.7,8.9,1003.5
2020-08-01,28.8,11.0,0.5,1003.0
2020-08-02,29.0,13.5,0.3,1001.9
2020-08-03,27.9,13.9,3.0,999.8
2020-08-04,27.4,18.6,0.0,996.2
2020-08-05,26.2,18.1,84.1,993.5
2020-08-06,26.4,19.7,16.0,995.1
2020-08-07,27.9,15.4,79.0,1000.9
2020-08-08,28.2,12.8,11.9,1003.9
2020-08-09,29.0,14.3,19.1,1003.5
2020-08-10,28.6,14.1,0.5,1003.0
2020-08-11,28.1,13.7,5.1,1004.9
2020-08-12,27.3,16.1,31.0,1006.0
2020-08-13,27.8,16.8,41.9,1004.0
2020-08-14,26.8,16.3,40.9,1002.2
2020-08-15,27.8,15.1,59.9,1001.7
2020-08-16,28.1,17.0,19.1,1002.8
2020-08-17,27.3,14.7,7.9,1002.5
2020-08-18,27.7,13.2,45.0,1004.0
2020-08-19,27.9,13.7,10.9,1003.6
2020-08-20,27.4,12.1,23.1,1002.5
2020-08-21,26.6,13.4,32.0,1003.8
2020-08-22,27.7,16.3,65.0,1004.6
2020-08-23,28.2,14.8,14.0,1005.1
2020-08-24,28.1,15.9,7.9,1005.9
2020-08-25,28.0,13.5,13.0,1008.2
2020-08-26,28.4,12.1,4.1,1008.6
2020-08-27,28.2,13.3,2.0,1007.3
2020-08-28,26.3,10.6,5.1,1005.7
2020-08-29,26.0,9.7,85.1,1005.1
2020-08-30,26.5,11.8,53.1,1005.3
2020-08-31,27.1,12.6,46.0,1007.3
2020-09-01,27.6,7.8,8.9,1008.9
2020-09-02,28.6,6.4,10.9,1008.1
2020-09-03,29.0,9.0,0.0,1007.1
2020-09-04,29.8,7.1,0.0,1006.1
2020-09-05,30.6,7.7,7.1,1005.4
2020-09-06,29.8,7.8,0.0,1004.5
2020-09-07,28.6,9.4,10.9,1006.2
2020-09-08,30.1,8.6,0.5,1006.6
2020-09-09,29.9,8.4,0.0,1004.9
2020-09-10,29.7,9.1,6.1,1003.5
2020-09-11,28.8,9.3,0.0,1002.3
2020-09-12,28.0,13.8,10.9,1003.9
2020-09-13,28.4,12.0,25.9,1006.5
2020-09-14,27.2,8.0,3.0,1006.3
2020-09-15,27.8,7.2,7.1,1005.9
2020-09-16,28.0,5.9,3.0,1006.3
2020-09-17,27.3,7.1,15.0,1006.8
2020-09-18,26.9,5.6,0.0,1005.9
2020-09-19,27.8,4.6,2.0,1003.4
2020-09-20,29.2,7.3,11.9,1001.5
2020-09-21,27.8,6.1,0.0,1000.6
2020-09-22,26.8,7.1,23.1,1000.8
2020-09-23,25.8,10.0,286.0,1002.6
2020-09-24,27.7,6.5,109.0,1006.7
2020-09-25,28.3,8.9,2.0,1007.7
2020-09-26,28.9,10.8,0.0,1007.3
2020-09-27,28.8,9.1,0.0,1008.5
2020-09-28,28.6,8.4,,1008.9
2020-09-29,28.9,6.9,,1008.3
2020-09-30,29.1,8.8,,1007.4
2020-10-01,29.3,8.3,,1008.0
2020-10-02,29.3,7.9,,1007.7
2020-10-03,28.3,8.4,,1007.9
2020-10-04,27.8,7.7,55.9,1009.5
2020-10-05,28.6,7.7,0.0,1008.8
2020-10-06,29.3,6.4,0.0,1008.1
2020-10-07,30.3,7.3,,1008.6
2020-10-08,30.3,6.2,,1007.9
2020-10-09,31.4,6.8,,1007.0
2020-10-10,29.6,6.5,,1006.5
2020-10-11,29.2,6.0,,1005.5
2020-10-12,29.4,5.5,,1003.3
2020-10-13,29.3,6.4,,1002.7
2020-10-14,28.3,7.4,,1002.8
2020-10-15,28.1,8.6,87.1,1001.0
2020-10-16,29.5,9.4,21.1,1001.2
2020-10-17,29.0,13.5,0.0,1005.0
2020-10-18,28.8,10.5,,1007.4
2020-10-19,28.9,7.0,,1007.9
2020-10-20,29.9,6.8,,1006.9
2020-10-21,29.6,7.8,,1007.3
2020-10-22,28.7,7.8,,1006.4
2020-10-23,29.7,7.5,,1006.4
2020-10-24,29.3,7.7,,1008.1
2020-10-25,29.6,7.1,,1009.9
2020-10-26,30.0,5.8,,1010.9
2020-10-27,30.3,6.0,,1010.0
2020-10-28,29.8,7.7,,1010.4
2020-10-29,29.4,8.1,,1010.8
2020-10-30,29.8,6.9,,1010.8
2020-10-31,29.4,7.5,,1010.9
2020-11-01,29.4,5.7,,1011.6
2020-11-02,30.1,7.9,,1012.0
2020-11-03,30.0,7.0,,1011.7
2020-11-04,30.2,5.4,,1011.4
2020-11-05,29.7,7.4,,1012.1
2020-11-06,29.3,9.2,,1013.6
2020-11-07,29.5,8.9,,1013.9
2020-11-08,29.9,7.6,,1013.6
2020-11-09,29.3,7.3,,1013.2
2020-11-10,27.9,9.7,,1011.1
2020-11-11,28.2,9.5,,1011.7
2020-11-12,28.0,8.7,,1012.6
2020-11-13,29.2,7.4,,1011.8
2020-11-14,30.1,8.6,,1010.2
2020-11-15,29.9,6.9,,1010.4
2020-11-16,30.2,8.8,,1010.8
2020-11-17,30.7,8.4,,1009.6
2020-11-18,29.5,7.1,,1009.5
2020-11-19,29.3,8.7,,1009.8
2020-11-20,28.8,7.2,,1011.0
2020-11-21,28.3,8.4,,1011.7
2020-11-22,28.1,6.7,,1012.3
2020-11-23,28.4,7.6,,1012.7
2020-11-24,28.3,6.5,,1011.4
2020-11-25,28.4,5.6,,1010.7
2020-11-26,28.3,8.7,,1011.0
2020-11-27,28.7,10.2,,1012.8
2020-11-28,28.6,9.7,,1013.0
2020-11-29,28.8,7.1,,1012.9
2020-11-30,29.4,6.9,,1013.0
2020-12-01,29.8,7.3,,1012.9
2020-12-02,28.9,7.8,,1011.8
2020-12-03,28.2,8.2,,1011.4
2020-12-04,27.7,6.4,,1010.5
2020-12-05,27.8,6.7,,1010.9
2020-12-06,27.9,7.3,,1012.1
2020-12-07,28.3,7.3,,1013.3
2020-12-08,28.4,6.5,,1013.2
2020-12-09,29.6,7.7,,1011.7
2020-12-10,28.9,7.8,0.5,1011.1
2020-12-11,26.4,9.2,0.3,1012.1
2020-12-12,26.7,8.6,0.8,1011.4
2020-12-13,25.2,9.4,0.0,1010.9
2020-12-14,24.6,8.9,5.1,1011.4
2020-12-15,26.2,7.8,1.0,1012.4
2020-12-16,26.5,6.9,0.0,1013.5
2020-12-17,26.8,6.3,,1013.6
2020-12-18,27.7,8.6,,1013.2
2020-12-19,27.8,8.4,,1013.8
2020-12-20,26.8,8.7,,1014.4
2020-12-21,26.3,9.7,,1013.2
2020-12-22,25.7,5.9,,1012.1
2020-12-23,25.7,7.1,,1010.9
2020-12-24,25.9,6.9,,1009.9
2020-12-25,27.7,6.4,,1010.4
2020-12-26,27.8,7.3,,1011.9
2020-12-27,26.7,6.5,,1012.0
2020-12-28,24.1,8.6,,1012.0
2020-12-29,24.2,5.3,,1011.1
2020-12-30,25.0,6.6,,1011.1
2020-12-31,27.1,8.4,,1010.9
2021-01-01,27.7,6.1,,1011.1
2021-01-02,25.9,8.1,0.0,1011.9
2021-01-03,25.1,7.9,0.0,1010.4
2021-01-04,25.1,7.8,0.0,1010.3
2021-01-05,25.2,9.6,0.1,1011.4
2021-01-06,25.3,8.8,0.0,1010.7
2021-01-07,27.0,7.2,0.0,1008.5
2021-01-08,26.7,5.9,0.3,1008.4
2021-01-09,27.3,4.7,0.0,1009.0
2021-01-10,28.6,7.4,0.2,1009.7
2021-01-11,29.1,6.4,0.0,1010.8
2021-01-12,29.3,6.6,0.0,1011.3
2021-01-13,28.7,6.7,0.0,1011.0
2021-01-14,26.8,8.6,0.0,1010.5
2021-01-15,25.6,9.9,0.0,1010.1
2021-01-16,25.6,5.9,0.0,1009.2
2021-01-17,25.9,5.9,0.0,1009.6
2021-01-18,26.6,8.6,0.0,1011.1
2021-01-19,27.5,7.0,0.0,1011.4
2021-01-20,26.8,6.4,0.0,1012.3
2021-01-21,25.3,8.7,0.0,1012.2
2021-01-22,26.0,7.3,0.0,1011.4
2021-01-23,26.7,6.3,0.0,1011.3
2021-01-24,25.7,5.7,0.0,1012.5
2021-01-25,24.5,6.1,0.0,1013.1
2021-01-26,24.1,7.3,0.0,1012.6
2021-01-27,23.9,6.7,0.0,1012.2
2021-01-28,23.8,6.4,0.0,1012.6
2021-01-29,24.3,5.5,0.0,1013.2
2021-01-30,26.0,6.2,0.0,1012.6
2021-01-31,26.1,6.7,0.0,1013.0
2021-02-01,27.9,6.5,0.0,1014.3
2021-02-02,28.4,8.1,0.0,1014.5
2021-02-03,27.4,6.4,0.0,1013.7
2021-02-04,26.6,6.2,0.0,1013.3
2021-02-05,26.4,9.2,0.0,1013.5
2021-02-06,27.6,8.4,0.0,1012.5
2021-02-07,27.8,11.3,0.0,1013.0
2021-02-08,27.3,9.2,0.0,1013.5
2021-02-09,27.0,7.9,0.0,1012.6
2021-02-10,25.9,6.2,0.0,1011.3
2021-02-11,26.7,6.5,0.0,1010.2
2021-02-12,26.5,8.3,0.0,1011.0
2021-02-13,26.2,9.6,0.0,1012.3
2021-02-14,26.5,7.9,0.0,1012.5
2021-02-15,25.8,9.0,0.0,1011.8
2021-02-16,25.2,8.8,0.0,1011.7
2021-02-17,25.7,10.0,0.0,1011.2
2021-02-18,26.6,9.1,0.0,1011.5
2021-02-19,27.9,10.3,0.3,1013.2
2021-02-20,27.6,13.4,0.0,1013.3
2021-02-21,27.6,10.9,0.0,1012.8
2021-02-22,29.3,8.1,0.0,1013.1
2021-02-23,29.3,6.4,0.0,1011.8
2021-02-24,30.3,7.1,0.0,1010.3
2021-02-25,29.6,9.0,0.0,1011.2
2021-02-26,28.6,9.9,0.0,1010.4
2021-02-27,28.9,9.8,0.0,1009.3
2021-02-28,30.4,9.5,0.0,1009.1
2021-03-01,30.2,8.9,0.0,1011.4
2021-03-02,30.1,7.4,0.0,1012.2
2021-03-03,29.7,8.5,0.0,1010.7
2021-03-04,30.3,7.7,0.0,1010.2
2021-03-05,29.8,7.0,0.0,1011.4
2021-03-06,28.1,8.3,0.0,1012.3
2021-03-07,29.6,6.4,0.0,1011.5
2021-03-08,29.1,6.7,0.0,1011.2
2021-03-09,30.2,8.4,0.0,1011.2
2021-03-10,29.4,8.8,0.0,1011.3
2021-03-11,28.2,9.4,0.0,1011.3
2021-03-12,28.7,8.9,0.0,1012.3
2021-03-13,30.1,9.2,0.0,1011.9
2021-03-14,30.3,8.4,0.0,1010.1
2021-03-15,30.5,8.5,0.0,1009.5
2021-03-16,30.7,8.3,0.0,1009.8
2021-03-17,30.6,9.6,0.0,1008.6
2021-03-18,30.0,9.5,0.0,1008.9
2021-03-19,29.2,9.2,0.0,1009.9
2021-03-20,28.2,10.7,0.0,1008.6
2021-03-21,28.5,7.6,0.0,1008.0
2021-03-22,29.2,9.9,0.0,1009.8
2021-03-23,30.2,7.9,0.0,1010.3
2021-03-24,31.5,9.8,0.0,1010.1
2021-03-25,32.5,8.6,0.0,1009.5
2021-03-26,31.9,6.0,0.0,1008.6
2021-03-27,32.9,6.3,0.0,1007.7
2021-03-28,29.8,8.5,0.0,1007.8
2021-03-29,29.5,9.2,0.0,1008.1
2021-03-30,28.6,8.1,0.0,1008.1
2021-03-31,28.1,8.2,0.0,1007.3
2021-04-01,28.9,10.8,0.0,1006.9
2021-04-02,28.8,10.0,0.0,1007.1
2021-04-03,28.3,9.0,0.0,1008.0
2021-04-04,28.9,8.6,0.0,1009.8
2021-04-05,29.1,9.9,0.0,1009.9
2021-04-06,30.7,8.5,0.0,1009.0
2021-04-07,30.3,8.7,0.0,1009.5
2021-04-08,29.2,9.6,0.0,1008.4
2021-04-09,29.0,8.3,0.0,1008.0
2021-04-10,29.2,9.7,0.0,1008.7
2021-04-11,30.0,8.4,0.0,1009.8
2021-04-12,30.9,8.5,0.0,1010.8
2021-04-13,31.0,10.2,0.0,1009.9
2021-04-14,30.8,10.7,0.0,1009.8
2021-04-15,30.3,8.7,0.0,1009.7
2021-04-16,29.6,9.6,0.0,1009.6
2021-04-17,30.1,10.4,0.0,1009.9
2021-04-18,31.1,10.1,0.0,1010.3
2021-04-19,30.3,10.7,0.0,1009.4
2021-04-20,29.9,10.4,0.0,1008.7
2021-04-21,29.9,8.9,0.0,1010.1
2021-04-22,30.3,10.1,0.0,1009.8
2021-04-23,30.2,8.7,0.0,1009.9
2021-04-24,29.5,9.3,0.0,1009.3
2021-04-25,31.1,10.6,0.0,1008.0
2021-04-26,31.0,11.6,0.0,1007.7
2021-04-27,31.2,9.1,0.0,1008.9
2021-04-28,30.4,10.9,0.0,1009.8
2021-04-29,30.8,10.3,0.0,1009.2
2021-04-30,30.3,10.4,0.0,1008.3
2021-05-01,31.2,9.1,0.0,1007.3
2021-05-02,31.0,7.2,0.0,1007.7
2021-05-03,31.1,9.0,0.0,1007.3
2021-05-04,31.5,10.5,0.0,1006.9
2021-05-05,31.1,9.5,0.0,1007.0
2021-05-06,30.8,9.0,0.0,1007.6
2021-05-07,30.9,9.3,0.0,1008.5
2021-05-08,30.9,10.5,0.0,1007.4
2021-05-09,31.1,9.5,0.0,1006.6
2021-05-10,31.2,10.6,0.0,1006.5
2021-05-11,30.6,11.6,0.0,1007.2
2021-05-12,30.9,11.9,0.0,1005.6
2021-05-13,30.8,10.2,0.0,1005.0
2021-05-14,30.8,11.5,0.0,1002.6
2021-05-15,33.0,11.1,0.0,999.6
2021-05-16,32.6,15.8,5.1,997.6
2021-05-17,26.6,30.4,11.9,995.9
2021-05-18,29.1,23.6,230.1,1001.7
2021-05-19,28.5,12.1,6.1,1003.8
2021-05-20,29.9,8.7,2.0,1006.2
2021-05-21,30.4,9.0,0.0,1007.0
2021-05-22,30.8,11.0,0.0,1006.6
2021-05-23,30.9,11.3,0.3,1007.5
2021-05-24,31.1,12.0,0.0,1008.3
2021-05-25,30.9,12.1,0.8,1006.6
2021-05-26,30.8,14.3,0.1,1005.7
2021-05-27,30.7,15.8,0.8,1005.8
2021-05-28,31.0,14.0,0.0,1006.2
2021-05-29,31.4,11.0,2.0,1006.8
2021-05-30,30.9,10.0,0.0,1006.9
2021-05-31,29.5,9.8,7.6,1005.1
2021-06-01,29.9,10.1,7.3,1005.1
2021-06-02,29.4,8.9,4.6,1006.0
2021-06-03,30.3,10.0,3.6,1006.7
2021-06-04,30.2,11.3,4.2,1007.3
2021-06-05,29.2,9.2,0.3,1006.6
2021-06-06,29.2,10.9,16.0,1007.1
2021-06-07,28.6,8.5,17.0,1007.4
2021-06-08,27.7,8.1,21.1,1006.3
2021-06-09,25.9,10.8,59.9,1005.3
2021-06-10,26.4,10.5,230.9,1004.8
2021-06-11,26.7,9.7,106.9,1003.8
2021-06-12,27.3,12.1,11.7,1003.4
2021-06-13,29.4,12.6,12.9,1003.2
2021-06-14,30.3,12.0,4.1,1001.7
2021-06-15,28.1,9.7,1.0,1000.7
2021-06-16,27.4,12.4,6.1,1001.0
2021-06-17,27.3,11.1,31.0,1001.9
2021-06-18,29.6,14.2,83.1,1002.5
2021-06-19,28.2,11.9,17.0,1004.8
2021-06-20,29.3,17.0,14.0,1006.4
2021-06-21,29.5,12.9,23.1,1007.1
2021-06-22,30.1,14.2,4.1,1006.9
2021-06-23,30.2,15.1,6.1,1006.4
2021-06-24,29.1,13.9,8.9,1006.9
2021-06-25,26.9,10.8,0.3,1005.9
2021-06-26,29.8,11.4,26.9,1005.9
2021-06-27,27.4,9.8,0.0,1007.8
2021-06-28,28.3,7.9,20.1,1006.8
2021-06-29,29.1,9.6,0.0,1006.1
2021-06-30,28.8,9.2,0.5,1006.1
2021-07-01,30.2,14.3,5.1,1004.5
2021-07-02,30.1,14.4,0.3,1004.9
2021-07-03,30.3,15.3,2.0,1006.0
2021-07-04,30.5,11.0,0.0,1006.8
2021-07-05,30.7,10.5,1.8,1006.3
2021-07-06,30.3,9.7,0.0,1005.2
2021-07-07,30.7,10.0,18.0,1005.1
2021-07-08,28.2,9.4,1.0,1004.9
2021-07-09,28.2,9.7,72.9,1003.0
2021-07-10,27.7,8.4,27.9,1002.1
2021-07-11,28.2,6.0,17.0,1001.1
2021-07-12,27.5,11.0,3.0,999.0
2021-07-13,26.7,11.9,55.1,1001.1
2021-07-14,26.4,10.5,89.9,1001.8
2021-07-15,27.6,9.6,8.9,1000.6
2021-07-16,27.2,10.1,253.0,1003.0
2021-07-17,27.8,12.8,31.0,1004.7
2021-07-18,28.2,16.0,235.0,1003.9
2021-07-19,27.8,15.9,70.1,1003.4
2021-07-20,28.8,17.7,38.1,1005.7
2021-07-21,27.8,21.5,23.9,1004.2
2021-07-22,28.2,18.0,57.9,1001.0
2021-07-23,28.2,16.5,19.1,1000.7
2021-07-24,28.9,16.5,6.1,1002.6
2021-07-25,28.9,17.0,22.1,1003.4
2021-07-26,29.1,19.2,4.1,1004.1
2021-07-27,28.9,18.7,4.1,1003.9
2021-07-28,28.4,19.6,14.0,1004.3
2021-07-29,28.6,17.8,6.1,1005.7
2021-07-30,28.8,18.8,4.1,1006.6
2021-07-31,28.7,18.8,3.0,1007.5
2021-08-01,28.4,17.7,5.1,1006.1
2021-08-02,28.3,16.5,6.1,1006.3
2021-08-03,28.1,17.3,6.1,1007.1
2021-08-04,28.6,18.8,19.1,1007.1
2021-08-05,28.9,17.8,4.1,1005.6
2021-08-06,28.9,14.3,0.0,1004.7
2021-08-07,29.1,14.5,0.5,1005.5
2021-08-08,28.8,10.1,3.0,1006.7
2021-08-09,28.8,11.8,0.5,1008.0
2021-08-10,28.8,12.0,0.3,1008.0
2021-08-11,28.7,12.3,0.0,1007.8
2021-08-12,27.9,10.0,9.9,1008.5
2021-08-13,28.2,12.2,15.0,1007.6
2021-08-14,27.0,12.1,10.9,1005.7
2021-08-15,26.2,9.8,24.9,1005.9
2021-08-16,26.3,7.9,31.0,1007.3
2021-08-17,26.8,8.1,2.0,1007.6
2021-08-18,25.2,7.5,16.0,1006.0
2021-08-19,25.4,5.8,42.9,1005.8
2021-08-20,25.5,8.6,21.1,1005.9
2021-08-21,25.8,12.0,52.1,1007.3
2021-08-22,27.2,8.2,11.9,1007.7
2021-08-23,28.4,10.0,0.0,1007.7
2021-08-24,28.6,9.2,2.2,1007.7
2021-08-25,28.5,8.7,1.2,1006.6
2021-08-26,28.1,7.6,2.0,1004.8
2021-08-27,28.7,9.8,2.0,1004.2
2021-08-28,29.2,9.8,5.1,1003.2
2021-08-29,28.7,8.9,0.0,1003.2
2021-08-30,27.5,9.8,0.8,1004.6
2021-08-31,25.9,11.4,49.0,1004.7
2021-09-01,27.5,12.7,108.0,1005.3
2021-09-02,27.6,10.2,6.1,1005.5
2021-09-03,26.8,10.2,9.9,1005.0
2021-09-04,26.7,8.8,54.1,1005.3
2021-09-05,27.8,8.8,42.9,1005.4
2021-09-06,27.9,9.2,6.1,1004.4
2021-09-07,26.8,6.2,3.0,1003.1
2021-09-08,27.1,12.0,79.0,1002.4
2021-09-09,28.3,14.9,18.0,1005.8
2021-09-10,28.4,16.3,8.9,1005.6
2021-09-11,27.2,16.6,9.9,1003.5
2021-09-12,27.3,10.9,21.1,1001.9
2021-09-13,27.7,17.7,39.1,1001.3
2021-09-14,27.9,16.6,4.1,1002.7
2021-09-15,28.6,13.7,3.0,1003.9
2021-09-16,28.2,15.8,2.0,1005.4
2021-09-17,28.6,9.8,3.0,1005.8
2021-09-18,28.6,12.3,0.0,1007.3
2021-09-19,27.8,10.3,1.0,1009.0
2021-09-20,27.9,11.3,71.1,1008.5
2021-09-21,26.7,9.9,7.1,1007.3
2021-09-22,27.6,9.9,58.9,1005.6
2021-09-23,28.3,7.8,3.0,1005.7
2021-09-24,28.2,8.7,0.5,1006.8
2021-09-25,28.2,8.5,0.0,1007.2
2021-09-26,27.4,8.7,9.9,1005.4
2021-09-27,26.6,5.6,3.0,1004.0
2021-09-28,26.8,9.7,39.1,1002.9
2021-09-29,27.8,13.7,27.9,1003.9
2021-09-30,27.8,9.8,26.9,1007.4
2021-10-01,28.7,8.2,0.0,1008.5
2021-10-02,29.2,7.6,1.5,1008.0
2021-10-03,29.6,6.7,0.2,1007.5
2021-10-04,30.1,7.9,0.2,1006.8
2021-10-05,30.0,7.8,0.2,1006.9
2021-10-06,29.7,9.2,0.6,1006.2
2021-10-07,29.8,7.5,7.1,1005.4
2021-10-08,29.4,10.2,0.0,1006.5
2021-10-09,28.7,9.2,0.3,1008.2
2021-10-10,28.3,9.6,0.3,1008.2
2021-10-11,28.4,6.5,1.0,1006.6
2021-10-12,29.1,9.4,2.0,1005.7
2021-10-13,30.4,6.9,0.0,1005.5
2021-10-14,31.0,6.7,0.3,1005.2
2021-10-15,31.2,8.5,0.0,1003.1
2021-10-16,30.1,7.1,0.0,1002.5
2021-10-17,29.4,8.9,0.0,1003.4
2021-10-18,29.8,12.0,0.0,1006.8
2021-10-19,28.7,9.3,2.2,1010.6
2021-10-20,28.6,8.7,0.0,1012.5
2021-10-21,29.2,7.8,0.0,1012.0
2021-10-22,29.7,7.0,0.0,1012.2
2021-10-23,29.2,9.4,0.0,1012.4
2021-10-24,28.3,8.4,0.0,1013.0
2021-10-25,28.2,10.1,0.0,1012.1
2021-10-26,29.1,8.8,0.0,1010.5
2021-10-27,29.7,8.8,0.0,1011.0
2021-10-28,29.8,10.1,0.0,1011.4
2021-10-29,29.8,13.1,0.0,1012.7
2021-10-30,29.5,13.8,0.0,1012.8
2021-10-31,29.7,11.3,0.0,1011.7
2021-11-01,29.3,7.5,0.0,1010.4
2021-11-02,30.0,7.2,0.0,1009.9
2021-11-03,30.4,10.8,0.0,1010.3
2021-11-04,30.5,10.2,0.0,1009.5
2021-11-05,30.3,8.4,0.3,1009.0
2021-11-06,28.7,9.2,0.0,1008.8
2021-11-07,29.2,9.2,0.0,1008.5
2021-11-08,28.9,8.7,0.0,1010.0
2021-11-09,28.5,10.4,0.0,1010.9
2021-11-10,28.8,11.5,0.0,1010.4
2021-11-11,28.6,11.6,0.0,1008.8
2021-11-12,28.5,10.2,0.0,1008.4
2021-11-13,29.8,9.8,0.0,1008.2
2021-11-14,30.2,9.6,0.0,1007.9
2021-11-15,30.3,9.0,0.0,1006.5
2021-11-16,30.8,9.0,0.0,1006.0
2021-11-17,29.9,10.1,11.6,1007.3
2021-11-18,28.9,8.2,8.1,1007.7
2021-11-19,29.1,9.5,0.3,1005.5
2021-11-20,30.6,9.0,0.6,1004.6
2021-11-21,29.8,10.9,16.1,1007.5
2021-11-22,28.6,5.9,24.9,1011.0
2021-11-23,29.2,8.8,0.0,1010.2
2021-11-24,30.4,7.8,0.1,1009.9
2021-11-25,30.3,7.2,0.0,1010.8
2021-11-26,29.7,8.9,0.0,1011.2
2021-11-27,29.4,8.7,0.0,1011.0
2021-11-28,28.5,9.4,0.0,1011.8
2021-11-29,28.1,9.0,0.0,1012.0
2021-11-30,28.7,7.7,1.5,1011.1
2021-12-01,21.9,12.3,0.5,1011.1
2021-12-02,23.2,13.1,90.9,1009.9
2021-12-03,26.4,5.7,4.1,1011.1
2021-12-04,26.9,5.5,0.0,1011.6
2021-12-05,26.5,6.8,0.6,1012.2
2021-12-06,26.8,7.9,0.0,1012.1
2021-12-07,27.6,9.4,0.0,1012.2
2021-12-08,28.0,9.9,0.0,1012.2
2021-12-09,28.0,9.2,0.0,1013.7
2021-12-10,28.2,7.4,0.0,1014.1
2021-12-11,28.2,9.3,0.0,1013.9
2021-12-12,28.0,6.7,0.0,1013.7
2021-12-13,27.5,6.2,0.0,1013.4
2021-12-14,25.9,6.4,0.0,1013.2
2021-12-15,25.2,7.3,0.0,1013.2
2021-12-16,25.1,5.3,0.0,1014.1
2021-12-17,25.3,6.1,0.0,1014.5
2021-12-18,25.8,6.9,0.0,1014.3
2021-12-19,26.1,8.3,0.0,1014.8
2021-12-20,25.9,8.6,0.0,1014.8
2021-12-21,25.5,7.2,0.0,1014.5
2021-12-22,25.2,4.9,0.0,1013.0
2021-12-23,24.7,6.4,0.0,1012.6
2021-12-24,24.0,6.3,0.0,1013.0
2021-12-25,24.2,6.9,0.0,1013.6
2021-12-26,24.5,6.1,0.0,1014.3
2021-12-27,25.2,4.7,0.0,1013.9
2021-12-28,25.2,7.3,0.0,1013.4
2021-12-29,24.4,8.8,0.0,1013.7
2021-12-30,25.2,10.3,0.0,1014.3
2021-12-31,26.1,11.6,0.0,1015.4
2022-01-01,26.6,8.3,0.0,1015.7
2022-01-02,27.0,7.6,0.0,1014.2
2022-01-03,27.2,6.7,0.0,1013.7
2022-01-04,27.1,8.0,0.0,1013.7
2022-01-05,26.5,4.9,0.0,1013.2
2022-01-06,25.7,7.6,0.0,1012.9
2022-01-07,25.5,8.6,0.0,1012.2
2022-01-08,24.2,8.9,0.0,1013.2
2022-01-09,22.4,11.4,4.1,1013.7
2022-01-10,21.3,7.9,0.0,1013.7
2022-01-11,21.8,7.6,0.0,1013.5
2022-01-12,21.9,8.3,0.0,1013.0
2022-01-13,22.6,7.1,0.0,1012.0
2022-01-14,23.7,6.8,0.0,1012.0
2022-01-15,24.5,8.5,0.0,1012.6
2022-01-16,26.1,7.4,0.0,1013.2
2022-01-17,26.8,9.6,0.0,1015.0
2022-01-18,26.3,7.9,0.0,1014.7
2022-01-19,25.4,6.4,0.0,1013.3
2022-01-20,24.6,8.8,0.0,1011.6
2022-01-21,24.4,6.3,0.0,1011.5
2022-01-22,24.7,10.9,1.2,1010.1
2022-01-23,22.7,13.2,0.2,1011.2
2022-01-24,20.4,12.9,0.0,1012.4
2022-01-25,21.2,6.1,0.0,1011.7
2022-01-26,22.5,7.5,0.0,1011.7
2022-01-27,24.1,7.0,0.0,1011.9
2022-01-28,25.6,11.1,0.0,1013.1
2022-01-29,25.6,9.2,0.0,1014.0
2022-01-30,25.5,6.4,0.0,1012.7
2022-01-31,24.7,5.3,0.0,1011.9
2022-02-01,23.4,6.1,0.0,1011.0
2022-02-02,23.8,7.2,0.0,1011.2
2022-02-03,24.0,8.4,0.0,1011.0
2022-02-04,24.3,9.0,0.0,1010.6
2022-02-05,23.3,7.4,0.0,1011.2
2022-02-06,24.4,8.4,0.0,1012.7
2022-02-07,23.7,9.1,0.0,1014.1
2022-02-08,23.5,9.2,0.0,1013.2
2022-02-09,23.7,9.3,0.0,1012.9
2022-02-10,25.0,7.3,0.0,1012.1
2022-02-11,27.3,11.5,0.0,1011.8
2022-02-12,26.4,8.1,0.0,1011.6
2022-02-13,25.9,6.9,0.0,1010.0
2022-02-14,26.0,7.4,0.0,1010.3
2022-02-15,24.6,10.5,0.0,1010.6
2022-02-16,23.7,10.1,0.0,1008.9
2022-02-17,23.9,6.1,0.0,1007.6
2022-02-18,25.0,5.3,0.0,1008.9
2022-02-19,25.9,6.8,0.0,1010.9
2022-02-20,26.1,9.5,0.0,1010.6
2022-02-21,25.7,8.0,0.0,1009.8
2022-02-22,25.5,9.0,0.0,1010.6
2022-02-23,26.5,5.3,0.0,1012.0
2022-02-24,27.2,7.7,0.0,1013.2
2022-02-25,26.8,6.1,0.0,1012.6
2022-02-26,27.2,7.4,0.0,1012.5
2022-02-27,27.4,9.0,0.0,1012.9
2022-02-28,27.2,8.3,0.0,1012.5
2022-03-01,27.7,8.5,0.0,1012.6
2022-03-02,28.7,8.4,0.0,1011.4
2022-03-03,29.3,8.7,0.0,1011.2
2022-03-04,29.8,8.9,0.0,1011.6
2022-03-05,28.7,8.8,0.0,1010.8
2022-03-06,29.4,6.3,0.0,1009.7
2022-03-07,29.0,7.0,0.0,1010.0
2022-03-08,30.5,9.1,0.0,1009.8
2022-03-09,30.3,7.8,0.1,1009.7
2022-03-10,30.6,7.9,0.0,1009.5
2022-03-11,31.0,9.4,0.0,1009.1
2022-03-12,30.6,10.6,0.0,1009.0
2022-03-13,31.5,8.8,0.0,1009.4
2022-03-14,32.2,8.8,0.0,1009.5
2022-03-15,32.4,9.8,0.0,1008.2
2022-03-16,32.1,9.7,0.0,1007.0
2022-03-17,31.9,10.5,0.0,1006.2
2022-03-18,31.2,9.6,0.0,1005.8
2022-03-19,29.2,9.5,0.0,1006.1
2022-03-20,28.2,9.2,0.0,1007.0
2022-03-21,28.3,8.9,0.0,1007.6
2022-03-22,30.1,8.4,0.0,1007.2
2022-03-23,31.1,8.7,0.0,1006.2
2022-03-24,30.3,8.2,0.0,1006.6
2022-03-25,29.0,8.3,0.0,1008.2
2022-03-26,29.2,9.8,0.0,1010.2
2022-03-27,29.0,9.2,0.0,1010.5
2022-03-28,29.4,9.9,0.0,1009.7
2022-03-29,30.2,8.3,0.0,1008.5
2022-03-30,29.5,8.1,0.0,1008.2
2022-03-31,28.6,8.5,0.0,1009.1
2022-04-01,28.2,8.0,0.0,1008.8
2022-04-02,28.6,10.1,0.0,1010.0
2022-04-03,29.0,11.0,0.0,1009.1
2022-04-04,29.3,9.2,0.0,1009.4
2022-04-05,29.8,10.3,0.0,1011.0
2022-04-06,29.9,10.5,0.0,1011.4
2022-04-07,29.6,9.7,0.0,1010.0
2022-04-08,29.9,11.0,0.0,1008.5
2022-04-09,30.4,12.2,0.0,1008.4
2022-04-10,30.1,11.0,0.0,1008.2
2022-04-11,30.1,9.1,0.0,1007.5
2022-04-12,30.6,8.6,0.0,1006.0
2022-04-13,31.3,8.9,0.0,1005.5
2022-04-14,30.3,10.0,0.0,1006.5
2022-04-15,30.2,9.9,0.0,1007.2
2022-04-16,29.2,8.9,0.0,1006.3
2022-04-17,29.6,11.0,0.0,1007.3
2022-04-18,29.7,9.1,0.0,1009.2
2022-04-19,29.6,10.6,0.0,1010.8
2022-04-20,31.4,10.8,0.0,1008.3
2022-04-21,33.2,7.9,0.0,1005.6
2022-04-22,33.2,11.6,0.0,1006.8
2022-04-23,31.9,11.0,0.0,1007.9
2022-04-24,31.3,12.5,0.0,1008.1
2022-04-25,32.8,9.2,0.0,1006.4
2022-04-26,31.1,11.1,0.0,1007.6
2022-04-27,33.2,9.6,0.0,1005.8
2022-04-28,32.2,10.0,0.0,1006.6
2022-04-29,31.3,10.7,0.0,1008.4
2022-04-30,30.8,11.6,0.0,1006.7
2022-05-01,30.7,11.5,0.0,1006.0
2022-05-02,30.6,12.4,0.0,1006.0
2022-05-03,30.9,10.6,0.0,1006.9
2022-05-04,30.8,11.9,0.0,1007.9
2022-05-05,30.5,11.1,0.0,1007.7
2022-05-06,30.7,11.3,0.0,1007.2
2022-05-07,30.7,9.8,0.0,1006.5
2022-05-08,31.0,10.1,0.0,1004.8
2022-05-09,30.6,10.4,0.0,1003.7
2022-05-10,30.5,12.7,0.0,1003.7
2022-05-11,30.5,11.0,0.0,1003.4
2022-05-12,30.7,14.0,0.0,1004.4
2022-05-13,30.7,14.2,0.0,1004.1
2022-05-14,30.8,13.8,0.0,1004.5
2022-05-15,30.9,13.2,0.0,1005.7
2022-05-16,30.9,11.7,0.0,1005.0
2022-05-17,30.7,12.8,0.0,1004.1
2022-05-18,30.4,11.8,0.0,1004.5
2022-05-19,30.5,11.6,0.0,1005.1
2022-05-20,30.3,15.0,0.0,1006.3
2022-05-21,30.6,13.5,0.0,1006.0
2022-05-22,30.9,14.8,0.5,1004.1
2022-05-23,31.1,16.1,0.0,1003.3
2022-05-24,31.1,14.7,0.0,1006.0
2022-05-25,31.0,13.6,0.0,1008.0
2022-05-26,30.9,14.7,,1007.7
2022-05-27,31.0,15.8,,1007.4
2022-05-28,31.0,14.4,0.0,1006.8
2022-05-29,31.1,15.3,0.0,1006.7
2022-05-30,31.0,14.3,0.0,1006.4
2022-05-31,31.0,15.3,0.0,1005.7
2022-06-01,30.8,13.2,0.0,1005.9
2022-06-02,30.5,13.6,0.0,1006.0
2022-06-03,30.7,13.6,0.0,1005.8
2022-06-04,30.9,13.3,0.0,1005.4
2022-06-05,30.9,11.2,0.0,1005.3
2022-06-06,31.0,12.4,0.0,1005.6
2022-06-07,31.1,11.7,0.5,1005.9
2022-06-08,31.6,13.2,0.0,1005.4
2022-06-09,30.1,10.8,6.3,1004.2
2022-06-10,30.0,10.2,15.0,1004.1
2022-06-11,28.1,10.2,40.9,1004.8
2022-06-12,29.1,11.8,23.1,1005.1
2022-06-13,30.1,12.1,0.0,1006.0
2022-06-14,30.3,13.2,3.0,1006.3
2022-06-15,30.1,13.8,0.0,1005.6
2022-06-16,29.3,11.1,11.9,1005.2
2022-06-17,29.7,11.8,4.1,1004.5
2022-06-18,29.4,11.3,1.0,1004.8
2022-06-19,27.4,10.5,16.0,1005.4
2022-06-20,26.9,11.0,13.0,1004.5
2022-06-21,27.1,13.2,36.1,1002.2
2022-06-22,28.3,9.4,16.0,1003.3
2022-06-23,28.7,10.1,5.1,1004.6
2022-06-24,27.9,9.9,4.1,1002.9
2022-06-25,29.0,14.5,36.1,1000.0
2022-06-26,27.9,14.8,0.3,1000.3
2022-06-27,28.1,11.2,5.1,1002.8
2022-06-28,27.2,9.0,7.9,1004.1
2022-06-29,27.7,8.7,11.9,1002.6
2022-06-30,25.7,9.1,40.9,1002.7
2022-07-01,25.8,8.0,175.0,1003.2
2022-07-02,29.1,13.8,104.9,1001.7
2022-07-03,28.9,15.2,15.0,1001.5
2022-07-04,27.3,9.9,21.1,1001.0
2022-07-05,26.3,7.9,124.0,999.9
2022-07-06,26.8,12.8,194.1,1001.0
2022-07-07,27.3,15.6,125.0,1003.9
2022-07-08,28.3,14.5,40.9,1003.7
2022-07-09,28.3,15.1,5.1,1002.1
2022-07-10,28.0,17.2,8.9,1003.4
2022-07-11,27.3,16.6,8.9,1004.7
2022-07-12,27.2,15.1,62.0,1004.7
2022-07-13,26.6,20.1,45.0,1001.4
2022-07-14,27.1,17.2,95.0,998.5
2022-07-15,27.5,16.0,61.0,999.1
2022-07-16,27.7,16.8,0.0,1000.3
2022-07-17,28.5,13.9,16.3,1003.5
2022-07-18,27.6,14.0,8.9,1004.5
2022-07-19,28.0,15.0,0.0,1005.1
2022-07-20,27.4,13.6,11.9,1006.0
2022-07-21,27.6,12.6,10.9,1006.5
2022-07-22,28.3,13.9,3.0,1007.1
2022-07-23,28.2,16.1,5.1,1005.0
2022-07-24,28.1,15.7,7.1,1004.3
2022-07-25,28.2,15.3,7.1,1006.0
2022-07-26,27.6,11.7,2.0,1007.8
2022-07-27,27.1,4.0,14.0,1007.9
2022-07-28,28.6,7.7,19.1,1008.3
2022-07-29,29.3,9.2,0.0,1008.3
2022-07-30,29.3,9.9,0.2,1007.3
2022-07-31,29.3,12.8,0.3,1005.6
2022-08-01,28.9,12.6,3.0,1005.8
2022-08-02,28.9,11.4,10.9,1004.6
2022-08-03,28.6,8.4,8.9,1003.6
2022-08-04,28.0,8.5,20.1,1002.6
2022-08-05,27.4,7.0,24.9,1001.1
2022-08-06,27.8,9.2,24.9,999.9
2022-08-07,26.8,9.7,16.0,999.6
2022-08-08,26.8,10.5,34.0,998.4
2022-08-09,26.9,21.7,124.0,996.9
2022-08-10,26.9,17.4,37.1,996.7
2022-08-11,27.7,19.7,31.0,998.3
2022-08-12,27.2,19.0,30.0,1001.9
2022-08-13,27.7,17.4,22.1,1003.9
2022-08-14,27.7,15.9,10.9,1005.6
2022-08-15,27.4,14.9,11.9,1005.6
2022-08-16,26.7,14.8,7.9,1004.8
2022-08-17,27.2,16.2,56.9,1006.1
2022-08-18,27.6,15.5,11.9,1006.7
2022-08-19,27.6,14.4,6.1,1006.9
2022-08-20,27.0,14.5,22.1,1006.8
2022-08-21,27.6,15.9,5.1,1005.8
2022-08-22,27.6,15.9,4.1,1004.5
2022-08-23,27.6,15.3,11.9,1004.5
2022-08-24,27.3,14.1,9.9,1007.2
2022-08-25,27.8,10.2,3.0,1007.1
2022-08-26,28.1,10.7,0.0,1007.2
2022-08-27,28.5,11.0,0.0,1007.5
2022-08-28,28.5,10.3,0.0,1007.2
2022-08-29,28.2,8.6,2.0,1008.3
2022-08-30,29.1,9.8,0.3,1008.2
2022-08-31,28.8,9.2,0.0,1006.5
2022-09-01,28.8,10.2,9.9,1006.5
2022-09-02,29.2,8.6,0.0,1006.8
2022-09-03,29.4,8.8,2.0,1006.9
2022-09-04,28.6,7.6,94.0,1007.2
2022-09-05,28.9,11.1,5.1,1007.5
2022-09-06,29.1,9.8,0.0,1006.9
2022-09-07,28.1,10.6,1.0,1006.3
2022-09-08,27.6,8.8,25.9,1005.3
2022-09-09,27.9,7.9,63.0,1003.8
2022-09-10,28.2,7.1,7.9,1004.1
2022-09-11,28.5,6.9,8.9,1001.9
2022-09-12,27.8,9.2,2.0,1000.5
2022-09-13,26.7,10.6,93.0,1002.6
2022-09-14,27.8,13.9,22.1,1005.5
2022-09-15,27.4,16.0,22.1,1006.8
2022-09-16,26.5,13.6,39.1,1005.8
2022-09-17,27.3,15.4,0.0,1006.3
2022-09-18,25.8,10.9,55.9,1008.3
2022-09-19,25.6,5.9,17.0,1009.2
2022-09-20,25.8,7.6,19.1,1008.7
2022-09-21,25.1,8.7,0.0,1008.9
2022-09-22,24.1,5.1,0.5,1009.1
2022-09-23,26.7,9.4,6.1,1008.8
2022-09-24,27.3,8.4,23.9,1007.7
2022-09-25,27.6,9.1,0.8,1008.0
2022-09-26,27.3,9.0,0.0,1009.7
2022-09-27,27.7,6.4,3.0,1008.7
2022-09-28,28.1,7.9,0.5,1007.5
2022-09-29,28.3,6.3,10.9,1007.1
2022-09-30,29.2,8.2,2.0,1007.7
2022-10-01,28.7,9.6,0.0,1008.4
2022-10-02,28.8,8.0,0.5,1008.7
2022-10-03,28.6,8.2,0.0,1009.2
2022-10-04,28.6,8.6,0.0,1009.0
2022-10-05,29.0,9.0,1.3,1007.6
2022-10-06,28.6,9.4,0.0,1006.0
2022-10-07,26.6,9.9,1.0,1004.6
2022-10-08,26.3,11.0,114.0,1007.2
2022-10-09,28.1,8.9,2.0,1009.1
2022-10-10,28.6,8.1,0.0,1009.7
2022-10-11,28.4,9.2,1.9,1008.6
2022-10-12,27.8,8.7,16.6,1009.2
2022-10-13,27.4,6.5,0.7,1009.3
2022-10-14,27.6,7.9,11.4,1009.1
2022-10-15,28.3,7.9,0.0,1008.1
2022-10-16,30.2,10.2,0.0,1009.2
2022-10-17,29.7,10.0,8.3,1010.3
2022-10-18,28.9,8.6,1.7,1010.6
2022-10-19,28.7,10.4,2.6,1010.2
2022-10-20,29.4,8.6,0.1,1010.5
2022-10-21,29.5,6.9,1.0,1011.6
2022-10-22,29.0,11.7,1.0,1012.9
2022-10-23,28.6,7.9,0.0,1012.8
2022-10-24,27.8,7.9,0.0,1010.9
2022-10-25,27.9,7.6,0.0,1011.0
2022-10-26,28.6,8.1,0.0,1012.5
2022-10-27,28.5,8.9,0.0,1012.1
2022-10-28,28.4,8.8,0.0,1011.6
2022-10-29,28.3,8.0,0.0,1011.4
2022-10-30,28.7,10.4,0.0,1011.9
2022-10-31,28.5,7.7,0.0,1011.1
2022-11-01,27.8,8.2,0.0,1012.1
2022-11-02,28.3,9.1,0.0,1011.4
2022-11-03,28.5,8.7,0.0,1011.1
2022-11-04,28.6,7.4,0.0,1011.9
2022-11-05,28.4,8.7,0.0,1012.9
2022-11-06,28.6,7.0,0.0,1013.5
2022-11-07,27.8,7.1,0.0,1013.1
2022-11-08,28.8,7.8,0.0,1012.8
2022-11-09,28.7,6.4,0.0,1012.6
2022-11-10,28.5,8.4,0.0,1012.9
2022-11-11,29.1,9.1,0.0,1013.1
2022-11-12,29.1,10.1,0.0,1012.9
2022-11-13,28.7,10.5,0.0,1011.8
2022-11-14,28.1,6.8,0.0,1012.0
2022-11-15,28.6,6.6,0.0,1012.7
2022-11-16,28.1,7.2,0.0,1012.1
2022-11-17,28.0,10.2,0.0,1011.9
2022-11-18,27.7,9.4,0.0,1012.1
2022-11-19,27.2,10.5,0.0,1012.2
2022-11-20,25.7,10.4,0.0,1011.4
2022-11-21,25.1,10.0,0.0,1011.4
2022-11-22,25.6,7.3,0.0,1011.0
2022-11-23,27.4,8.4,0.0,1011.0
2022-11-24,27.7,6.8,0.0,1010.7
2022-11-25,28.1,8.1,0.0,1011.1
2022-11-26,29.0,8.1,0.0,1010.1
2022-11-27,28.4,8.2,0.0,1008.4
2022-11-28,28.0,6.6,0.0,1009.2
2022-11-29,26.0,6.6,0.0,1010.5
2022-11-30,27.4,7.7,0.0,1010.9
2022-12-01,27.6,8.9,0.0,1011.1
2022-12-02,26.9,6.3,0.0,1010.5
2022-12-03,27.6,6.4,0.0,1010.5
2022-12-04,28.3,6.4,0.0,1010.9
2022-12-05,28.8,6.5,0.0,1011.8
2022-12-06,28.8,5.6,0.0,1011.6
2022-12-07,28.4,6.3,0.0,1011.3
2022-12-08,27.6,9.3,0.0,1011.3
2022-12-09,26.3,9.8,0.0,1009.7
2022-12-10,26.0,8.6,0.0,1009.2
2022-12-11,27.0,7.6,0.0,1009.8
2022-12-12,28.8,8.7,1.2,1009.1
2022-12-13,29.8,8.0,0.0,1009.7
2022-12-14,29.8,9.9,1.0,1010.8
2022-12-15,28.8,9.6,4.0,1010.6
2022-12-16,29.3,7.9,0.0,1010.2
2022-12-17,29.9,8.5,0.0,1011.0
2022-12-18,29.7,8.9,0.0,1010.8
2022-12-19,29.1,9.0,0.0,1009.8
2022-12-20,28.1,7.7,0.0,1009.3
2022-12-21,27.6,7.4,0.0,1010.0
2022-12-22,27.2,6.6,0.0,1010.0
2022-12-23,25.8,7.5,0.0,1010.7
2022-12-24,24.0,8.7,0.0,1011.6
2022-12-25,23.3,8.0,0.0,1011.7
2022-12-26,23.7,4.9,0.0,1013.0
2022-12-27,25.1,4.5,0.0,1013.7
2022-12-28,25.9,4.2,0.0,1014.6
2022-12-29,26.5,7.0,0.0,1015.9
2022-12-30,26.3,6.8,0.0,1016.8
2022-12-31,25.6,8.6,0.0,1016.4
2023-01-01,23.5,8.4,0.0,1016.1
2023-01-02,24.9,8.0,0.0,1015.0
2023-01-03,24.8,7.2,0.0,1014.8
2023-01-04,24.5,8.3,0.0,1013.6
2023-01-05,25.7,7.7,0.0,1014.2
2023-01-06,27.6,8.3,0.0,1015.9
2023-01-07,27.7,8.9,0.0,1015.8
2023-01-08,27.4,7.5,0.0,1015.0
2023-01-09,26.4,9.4,0.0,1015.8
2023-01-10,26.0,8.5,0.0,1015.3
2023-01-11,25.1,7.4,0.0,1013.5
2023-01-12,24.2,9.3,0.0,1012.9
2023-01-13,23.8,10.5,0.0,1013.9
2023-01-14,21.7,11.0,0.0,1013.8
2023-01-15,21.8,6.9,0.0,1012.1
2023-01-16,22.3,7.3,0.0,1012.1
2023-01-17,23.1,7.9,0.0,1012.8
2023-01-18,24.0,8.5,0.0,1013.5
2023-01-19,23.9,6.9,0.3,1013.5
2023-01-20,24.0,6.9,0.0,1013.4
2023-01-21,24.2,8.6,0.0,1013.7
2023-01-22,22.8,9.1,0.0,1013.1
2023-01-23,21.9,10.3,0.0,1012.5
2023-01-24,21.7,9.6,0.0,1012.9
2023-01-25,21.8,10.3,0.0,1012.8
2023-01-26,23.2,7.4,0.0,1012.1
2023-01-27,26.3,6.9,0.0,1010.9
2023-01-28,26.8,8.9,0.0,1010.2
2023-01-29,25.3,8.2,0.0,1009.9
2023-01-30,25.3,8.7,0.0,1012.7
2023-01-31,26.3,9.6,0.0,1012.2
2023-02-01,28.3,10.6,0.0,1011.4
2023-02-02,28.8,12.3,0.0,1011.9
2023-02-03,27.7,8.2,0.0,1012.8
2023-02-04,26.6,6.9,0.0,1011.5
2023-02-05,27.0,7.4,0.0,1010.6
2023-02-06,26.2,9.5,0.0,1011.2
2023-02-07,26.2,9.8,0.0,1011.0
2023-02-08,27.3,7.3,0.0,1011.1
2023-02-09,28.3,8.7,0.0,1011.4
2023-02-10,27.5,8.2,0.0,1012.8
2023-02-11,27.1,9.4,0.0,1013.6
2023-02-12,27.7,7.7,0.0,1013.4
2023-02-13,29.7,11.1,0.0,1013.3
2023-02-14,28.6,8.3,0.0,1013.1
2023-02-15,27.9,6.3,0.0,1011.5
2023-02-16,29.3,11.1,0.0,1011.8
2023-02-17,29.5,9.5,0.0,1012.0
2023-02-18,30.3,9.4,0.0,1011.7
2023-02-19,28.9,7.7,0.0,1011.7
2023-02-20,28.0,7.7,0.0,1012.2
2023-02-21,27.8,7.8,0.0,1012.6
2023-02-22,26.9,8.8,0.0,1012.3
2023-02-23,27.8,8.3,0.0,1011.4
2023-02-24,29.1,8.6,0.0,1012.4
2023-02-25,29.4,8.5,0.0,1014.1
2023-02-26,28.9,9.1,0.0,1014.6
2023-02-27,28.5,8.6,0.0,1014.2
2023-02-28,27.2,6.0,0.0,1014.6
2023-03-01,28.0,7.1,0.0,1014.9
2023-03-02,29.9,8.3,0.0,1015.1
2023-03-03,30.6,7.3,0.0,1015.4
2023-03-04,30.4,6.3,0.0,1015.2
2023-03-05,30.8,7.3,0.0,1014.7
2023-03-06,30.7,12.6,0.0,1013.5
2023-03-07,29.4,10.5,0.0,1013.4
2023-03-08,30.1,8.6,0.3,1013.3
2023-03-09,31.7,12.0,0.0,1012.6
2023-03-10,30.8,10.1,0.0,1012.0
2023-03-11,31.4,8.1,0.0,1011.2
2023-03-12,31.6,9.3,0.0,1010.8
2023-03-13,31.5,8.9,0.0,1009.9
2023-03-14,30.8,9.8,0.0,1008.7
2023-03-15,29.3,9.7,0.0,1007.5
2023-03-16,27.9,10.3,0.0,1009.1
2023-03-17,28.0,11.0,0.0,1009.8
2023-03-18,27.9,11.1,0.0,1008.9
2023-03-19,27.5,10.1,0.1,1009.0
2023-03-20,27.6,11.9,0.0,1008.7
2023-03-21,26.4,10.6,17.0,1009.4
2023-03-22,27.7,9.5,0.3,1010.1
2023-03-23,27.7,9.5,0.0,1010.3
2023-03-24,27.7,9.7,0.0,1010.5
2023-03-25,26.9,10.2,0.0,1011.4
2023-03-26,26.2,8.6,0.0,1011.3
2023-03-27,26.8,9.7,0.0,1010.8
2023-03-28,27.4,11.0,0.0,1010.1
2023-03-29,27.2,9.2,0.0,1010.6
2023-03-30,27.3,11.4,0.0,1010.2
2023-03-31,28.2,10.2,3.3,1009.6
2023-04-01,27.4,10.8,0.0,1010.3
2023-04-02,27.4,9.7,0.0,1009.9
2023-04-03,27.5,9.6,0.0,1009.6
2023-04-04,27.8,8.9,0.0,1010.1
2023-04-05,28.2,9.9,0.0,1009.9
2023-04-06,29.5,9.5,0.0,1009.7
2023-04-07,30.7,9.8,0.0,1010.3
2023-04-08,31.1,7.9,0.0,1011.7
2023-04-09,31.2,8.1,0.0,1012.2
2023-04-10,31.5,9.8,0.0,1010.5
2023-04-11,31.3,10.3,0.0,1010.8
2023-04-12,32.2,11.0,0.0,1010.2
2023-04-13,31.7,9.7,15.0,1010.1
2023-04-14,31.2,9.9,0.0,1010.0
2023-04-15,30.4,8.5,0.0,1010.0
2023-04-16,30.4,11.6,0.0,1008.7
2023-04-17,30.1,10.1,0.0,1008.8
2023-04-18,31.9,10.6,0.0,1009.0
2023-04-19,33.3,11.4,0.0,1006.7
2023-04-20,31.5,11.1,0.0,1005.7
2023-04-21,29.3,10.3,0.0,1006.3
2023-04-22,28.8,10.9,0.0,1007.0
2023-04-23,28.8,10.5,0.0,1007.3
2023-04-24,29.0,10.1,0.0,1007.4
2023-04-25,29.7,11.2,0.0,1007.5
2023-04-26,29.7,12.9,0.0,1008.2
2023-04-27,29.5,11.3,0.0,1008.2
2023-04-28,29.5,11.3,0.0,1009.0
2023-04-29,29.6,9.7,0.3,1008.4
2023-04-30,29.2,11.0,0.0,1007.2
2023-05-01,29.3,9.3,0.0,1007.1
2023-05-02,29.6,10.9,0.4,1007.6
2023-05-03,29.7,10.4,0.0,1009.0
2023-05-04,29.5,11.0,0.0,1008.3
2023-05-05,29.7,11.7,0.0,1007.6
2023-05-06,29.9,10.5,0.0,1007.8
2023-05-07,30.1,10.9,0.0,1007.9
2023-05-08,30.4,10.9,0.0,1007.1
2023-05-09,30.6,10.5,0.0,1007.5
2023-05-10,30.9,11.1,0.0,1006.5
2023-05-11,31.4,10.2,0.0,1006.9
2023-05-12,31.2,11.5,0.0,1007.5
2023-05-13,31.4,10.5,0.0,1008.3
2023-05-14,31.3,8.1,0.0,1007.9
2023-05-15,31.3,13.3,0.0,1008.8
2023-05-16,31.5,13.2,0.0,1010.2
2023-05-17,31.2,10.0,0.0,1010.2
2023-05-18,30.9,9.9,0.0,1011.2
2023-05-19,30.8,10.6,0.0,1009.8
2023-05-20,30.7,10.9,0.0,1009.3
2023-05-21,30.8,11.4,0.0,1009.8
2023-05-22,30.6,10.6,0.0,1010.4
2023-05-23,30.9,11.2,0.0,1010.5
2023-05-24,31.1,11.2,0.0,1010.3
2023-05-25,31.2,14.4,0.0,1010.7
2023-05-26,31.2,14.3,0.2,1011.0
2023-05-27,31.2,12.5,0.0,1010.0
2023-05-28,31.3,12.2,0.0,1009.0
2023-05-29,31.4,12.3,0.0,1008.5
2023-05-30,31.5,9.6,0.0,1008.5
2023-05-31,31.9,9.5,0.0,1008.1
2023-06-01,31.2,9.1,0.0,1008.1
2023-06-02,31.3,10.7,0.0,1008.9
2023-06-03,31.8,14.9,0.0,1008.2
2023-06-04,31.9,13.2,0.0,1007.8
2023-06-05,31.3,12.8,0.0,1007.5
2023-06-06,31.6,13.6,0.0,1007.0
2023-06-07,31.4,14.9,0.0,1006.6
2023-06-08,32.1,11.8,0.1,1006.9
2023-06-09,32.6,15.0,3.8,1005.1
2023-06-10,32.9,17.6,3.9,1003.4
2023-06-11,31.1,20.8,0.0,1002.8
2023-06-12,31.3,21.2,4.1,1002.1
2023-06-13,30.4,20.7,0.0,1003.7
2023-06-14,30.8,17.9,6.1,1005.7
2023-06-15,31.4,19.2,0.0,1006.1
2023-06-16,30.9,20.9,0.0,1005.4
2023-06-17,31.0,17.2,4.1,1006.5
2023-06-18,30.8,16.0,0.0,1007.1
2023-06-19,30.7,13.9,0.0,1006.0
2023-06-20,31.1,13.5,2.0,1005.1
2023-06-21,31.2,14.5,0.9,1005.5
2023-06-22,31.2,14.9,1.0,1005.8
2023-06-23,31.2,12.9,3.3,1004.8
2023-06-24,27.4,8.9,11.9,1003.7
2023-06-25,26.9,8.6,176.0,1004.0
2023-06-26,27.7,11.1,47.0,1004.8
2023-06-27,28.4,12.0,90.9,1004.9
2023-06-28,27.0,11.7,37.1,1005.5
2023-06-29,27.7,14.2,121.9,1005.7
2023-06-30,26.9,15.7,47.0,1005.6
2023-07-01,27.9,15.2,111.0,1006.3
2023-07-02,27.8,11.7,22.1,1005.3
2023-07-03,29.1,11.9,45.0,1003.4
2023-07-04,27.3,5.3,20.1,1001.7
2023-07-05,27.2,6.5,89.9,1000.2
2023-07-06,26.9,10.7,69.1,1001.6
2023-07-07,27.9,14.2,54.1,1002.4
2023-07-08,29.3,15.9,63.0,1004.5
2023-07-09,28.7,14.7,7.1,1005.6
2023-07-10,29.7,15.9,13.0,1006.2
2023-07-11,29.4,13.8,6.1,1006.4
2023-07-12,29.1,14.0,0.0,1005.1
2023-07-13,29.0,13.9,1.0,1004.6
2023-07-14,26.6,8.9,53.1,1006.5
2023-07-15,29.4,12.3,52.1,1006.9
2023-07-16,28.6,14.7,4.1,1006.0
2023-07-17,26.7,12.1,25.9,1004.8
2023-07-18,27.3,13.9,119.9,1003.4
2023-07-19,27.2,15.6,53.1,1001.2
2023-07-20,27.3,13.5,99.1,1001.7
2023-07-21,26.6,12.5,29.0,1003.9
2023-07-22,26.6,13.9,204.0,1004.2
2023-07-23,26.9,13.6,49.0,1003.3
2023-07-24,27.3,13.1,101.1,1003.8
2023-07-25,27.1,16.3,55.9,1005.5
2023-07-26,26.3,14.7,86.1,1006.6
2023-07-27,26.3,15.8,145.0,1006.9
2023-07-28,26.7,15.7,119.1,1007.1
2023-07-29,27.6,15.0,36.1,1007.5
2023-07-30,28.3,14.8,24.9,1006.7
2023-07-31,28.4,14.2,9.9,1005.9
2023-08-01,28.3,17.8,3.0,1006.1
2023-08-02,28.7,15.0,2.0,1006.8
2023-08-03,28.3,16.2,1.0,1006.2
2023-08-04,28.4,17.6,4.1,1007.2
2023-08-05,28.8,16.1,6.1,1009.1
2023-08-06,28.6,16.2,0.3,1008.7
2023-08-07,28.7,15.1,3.0,1007.1
2023-08-08,28.9,16.2,0.0,1007.4
2023-08-09,28.8,14.2,0.5,1009.5
2023-08-10,28.6,14.5,2.0,1010.1
2023-08-11,28.7,15.6,5.1,1009.6
2023-08-12,28.7,14.6,2.0,1009.3
2023-08-13,28.9,16.1,1.0,1007.8
2023-08-14,29.1,16.3,1.0,1008.1
2023-08-15,29.0,13.8,0.0,1008.2
2023-08-16,29.0,14.4,4.2,1009.3
2023-08-17,29.0,15.2,4.4,1009.2
2023-08-18,29.2,13.9,0.5,1008.1
2023-08-19,28.6,14.1,4.1,1006.6
2023-08-20,28.7,14.1,2.0,1006.6
2023-08-21,28.2,13.5,4.1,1007.2
2023-08-22,27.6,8.5,24.9,1007.3
2023-08-23,28.3,12.4,6.1,1007.2
2023-08-24,28.4,12.9,3.0,1006.2
2023-08-25,28.5,14.1,2.0,1006.2
2023-08-26,27.4,14.3,45.0,1007.7
2023-08-27,27.2,11.8,24.9,1008.9
2023-08-28,28.3,10.7,23.1,1008.3
2023-08-29,28.9,11.0,7.1,1008.1
2023-08-30,29.0,9.9,0.8,1008.9
2023-08-31,29.5,10.0,0.0,1008.6
2023-09-01,29.6,10.1,0.9,1008.5
2023-09-02,27.8,9.6,1.0,1008.5
2023-09-03,27.1,9.7,1.0,1007.6
2023-09-04,28.8,9.8,0.3,1006.5
2023-09-05,29.2,8.9,0.0,1005.9
2023-09-06,29.5,11.3,0.0,1005.8
2023-09-07,26.4,10.6,7.9,1005.5
2023-09-08,27.2,12.4,111.0,1005.7
2023-09-09,28.8,13.3,75.9,1005.7
2023-09-10,29.1,14.2,2.0,1006.0
2023-09-11,29.2,13.2,0.0,1006.4
2023-09-12,29.1,14.0,0.0,1007.3
2023-09-13,29.2,14.2,0.3,1006.5
2023-09-14,26.8,9.6,13.0,1006.6
2023-09-15,28.4,10.2,55.1,1006.5
2023-09-16,28.8,15.8,3.0,1005.9
2023-09-17,28.2,14.1,2.0,1005.1
2023-09-18,28.1,12.9,27.9,1004.9
2023-09-19,29.6,12.6,10.9,1006.3
2023-09-20,27.8,10.1,10.9,1006.9
2023-09-21,28.2,9.8,19.1,1007.6
2023-09-22,27.1,6.1,19.1,1007.9
2023-09-23,26.8,6.4,1.0,1008.7
2023-09-24,26.7,6.1,16.0,1009.1
2023-09-25,28.2,8.3,9.9,1007.8
2023-09-26,28.4,9.6,0.5,1007.4
2023-09-27,27.2,9.0,7.9,1007.1
2023-09-28,28.2,7.4,30.0,1005.5
2023-09-29,28.7,7.0,51.1,1004.8
2023-09-30,29.1,9.5,6.1,1004.6
2023-10-01,28.4,10.4,8.9,1005.7
2023-10-02,28.3,12.1,3.0,1008.7
2023-10-03,28.6,9.0,0.0,1009.9
2023-10-04,28.9,9.1,0.0,1010.6
2023-10-05,29.2,8.7,0.0,1010.2
2023-10-06,29.1,10.0,0.3,1009.3
2023-10-07,29.3,9.3,0.0,1009.6
2023-10-08,29.9,9.7,0.0,1010.3
2023-10-09,30.9,8.6,0.0,1011.5
2023-10-10,30.5,9.3,0.0,1011.6
2023-10-11,30.1,11.2,0.0,1011.5
2023-10-12,30.3,8.4,0.0,1011.4
2023-10-13,30.7,8.1,0.1,1011.9
2023-10-14,30.9,8.8,0.0,1011.9
2023-10-15,30.8,9.4,0.0,1010.5
2023-10-16,31.1,9.0,0.5,1010.1
2023-10-17,30.8,7.8,0.2,1011.4
2023-10-18,31.7,8.2,0.0,1012.1
2023-10-19,31.0,8.9,0.0,1011.8
2023-10-20,31.0,7.8,0.0,1011.5
2023-10-21,31.3,9.7,0.0,1012.0
2023-10-22,31.4,8.7,0.0,1012.6
2023-10-23,31.1,9.0,0.0,1011.7
2023-10-24,30.9,8.7,0.0,1011.3
2023-10-25,30.5,8.2,0.0,1012.7
2023-10-26,30.1,9.9,0.0,1013.0
2023-10-27,30.0,10.5,0.0,1011.7
2023-10-28,30.1,8.9,0.0,1011.5
2023-10-29,29.8,8.6,0.0,1011.1
2023-10-30,30.1,8.4,0.0,1010.8
2023-10-31,29.9,9.1,0.0,1011.7
2023-11-01,30.0,8.4,0.0,1012.3
2023-11-02,29.9,8.0,0.0,1011.6
2023-11-03,30.5,8.3,0.0,1009.8
2023-11-04,31.4,10.1,0.0,1009.1
2023-11-05,30.4,9.3,0.0,1010.7
2023-11-06,30.0,8.2,0.0,1012.1
2023-11-07,29.7,8.4,0.0,1012.0
2023-11-08,29.2,9.1,0.0,1011.6
2023-11-09,29.6,10.7,0.0,1012.2
2023-11-10,29.5,8.1,0.0,1013.2
2023-11-11,30.8,9.6,0.0,1013.5
2023-11-12,31.3,6.9,0.0,1013.4
2023-11-13,30.6,8.7,0.0,1012.9
2023-11-14,29.6,8.1,0.0,1012.6
2023-11-15,29.4,8.5,0.0,1012.5
2023-11-16,29.0,7.8,0.0,1012.8
2023-11-17,29.4,7.9,0.0,1012.6
2023-11-18,29.0,8.7,0.0,1011.9
2023-11-19,29.3,7.4,0.0,1011.8
2023-11-20,30.6,8.5,0.0,1011.9
2023-11-21,30.4,9.3,0.0,1011.9
2023-11-22,29.7,10.7,0.0,1011.3
2023-11-23,29.0,8.2,0.0,1009.7
2023-11-24,30.0,8.7,0.0,1009.4
2023-11-25,30.2,8.7,0.0,1011.2
2023-11-26,26.8,11.4,5.1,1011.4
2023-11-27,27.7,9.6,2.0,1011.0
2023-11-28,27.3,9.0,0.0,1010.2
2023-11-29,26.6,8.1,0.0,1011.2
2023-11-30,26.5,8.2,0.0,1011.6
2023-12-01,26.7,8.6,0.0,1011.2
2023-12-02,27.6,7.7,0.0,1010.2
2023-12-03,29.2,7.8,0.0,1010.3
2023-12-04,29.4,9.0,0.0,1009.6
2023-12-05,28.7,9.1,0.0,1008.8
2023-12-06,28.4,11.5,0.0,1009.6
2023-12-07,27.5,9.2,0.0,1010.8
2023-12-08,27.8,9.8,0.0,1011.3
2023-12-09,28.0,8.6,0.0,1012.2
2023-12-10,28.4,8.3,0.0,1011.1
2023-12-11,28.0,8.2,0.0,1011.6
2023-12-12,27.3,8.4,0.0,1010.9
2023-12-13,27.2,7.4,0.0,1011.5
2023-12-14,28.0,8.5,0.0,1012.6
2023-12-15,27.5,9.0,0.0,1013.9
2023-12-16,27.3,9.6,0.0,1013.3
2023-12-17,27.7,11.3,0.0,1012.3
2023-12-18,28.2,11.5,0.0,1013.1
2023-12-19,27.7,11.7,0.0,1013.9
2023-12-20,27.0,9.8,0.0,1013.7
2023-12-21,27.8,8.7,0.0,1012.9
2023-12-22,28.0,7.2,0.0,1012.8
2023-12-23,28.1,8.0,0.0,1013.4
2023-12-24,28.1,8.2,0.0,1014.8
2023-12-25,28.8,9.4,0.0,1014.5
2023-12-26,28.2,7.1,0.0,1014.5
2023-12-27,27.9,7.3,0.0,1014.8
2023-12-28,27.8,8.7,0.0,1013.3
2023-12-29,28.1,7.1,0.0,1013.3
2023-12-30,27.9,7.5,0.0,1012.8
2023-12-31,27.7,6.7,0.0,1012.3
